"inventory_id","snapshot_month","item_id","item_code","warehouse_id","batch_number","quantity","reserved_inventory_qty","earliest_storage_date","max_storage_age","created_date","status"
INVBAL000001,"2025-05",M0024,ASSY-BAT-DUAL,WH005,MFG-202505-00358,165,54,"5/20/2025",0,"5/20/2025",Active
INVBAL000002,"2025-05",M0024,ASSY-BAT-DUAL,WH003,MAT230501-011,102,89,"4/1/2025",0,"5/31/2025",Active
INVBAL000003,"2026-04",M0024,ASSY-BAT-DUAL,WH003,MAT-202604-00223,1521,94,"4/16/2026",0,"4/16/2026",Active
INVBAL000004,"2026-04",M0024,ASSY-BAT-DUAL,WH003,GR-00515,728,53,"4/16/2026",0,"4/16/2026",Active
INVBAL000005,"2026-04",M0024,ASSY-BAT-DUAL,WH003,GR-00560,677,74,"4/16/2026",0,"4/16/2026",Active
INVBAL000006,"2026-04",M0024,ASSY-BAT-DUAL,WH003,GR-00565,1241,91,"4/16/2026",0,"4/16/2026",Active
INVBAL000007,"2026-04",M0010,ASSY-BODY-CF-01,WH002,MAT-202604-00183,1056,91,"4/14/2026",0,"4/14/2026",Active
INVBAL000008,"2026-04",M0010,ASSY-BODY-CF-01,WH002,GR-00552,1895,51,"4/14/2026",0,"4/14/2026",Active
INVBAL000009,"2025-05",M0010,ASSY-BODY-CF-01,WH003,MAT230501-012,107,50,"4/1/2025",0,"5/31/2025",Active
INVBAL000010,"2026-04",M0020,ASSY-BODY-IND-01,WH002,MAT-202604-00238,664,68,"4/14/2026",0,"4/14/2026",Active
INVBAL000011,"2026-04",M0020,ASSY-BODY-IND-01,WH002,MAT-202604-00245,477,76,"4/14/2026",0,"4/14/2026",Active
INVBAL000012,"2026-04",M0020,ASSY-BODY-IND-01,WH002,MAT-202604-00249,836,82,"4/14/2026",0,"4/14/2026",Active
INVBAL000013,"2026-04",M0020,ASSY-BODY-IND-01,WH002,MAT-202604-00252,1039,73,"4/14/2026",0,"4/14/2026",Active
INVBAL000014,"2025-05",M0020,ASSY-BODY-IND-01,WH003,MAT230501-013,62,61,"4/1/2025",0,"5/31/2025",Active
INVBAL000015,"2026-04",M0001,ASSY-BODY-PLA-01,WH002,MAT-202604-00285,913,95,"4/15/2026",0,"4/15/2026",Active
INVBAL000016,"2026-04",M0001,ASSY-BODY-PLA-01,WH002,MAT-202604-00290,927,80,"4/15/2026",0,"4/15/2026",Active
INVBAL000017,"2026-04",M0001,ASSY-BODY-PLA-01,WH002,GR-00568,712,92,"4/15/2026",0,"4/15/2026",Active
INVBAL000018,"2026-04",M0001,ASSY-BODY-PLA-01,WH002,GR-00613,818,88,"4/15/2026",0,"4/15/2026",Active
INVBAL000019,"2025-05",M0001,ASSY-BODY-PLA-01,WH003,MAT230501-014,429,79,"4/1/2025",0,"5/31/2025",Active
INVBAL000020,"2026-04",M0011,ASSY-FC-ADV,WH002,MAT-202604-00205,2148,51,"4/14/2026",0,"4/14/2026",Active
INVBAL000021,"2026-04",M0011,ASSY-FC-ADV,WH002,MAT-202604-00208,1477,74,"4/14/2026",0,"4/14/2026",Active
INVBAL000022,"2025-05",M0011,ASSY-FC-ADV,WH003,MAT230501-015,190,90,"4/1/2025",0,"5/31/2025",Active
INVBAL000023,"2026-04",M0002,ASSY-FC-BASIC,WH002,MAT-202604-00159,1624,52,"4/15/2026",0,"4/15/2026",Active
INVBAL000024,"2026-04",M0002,ASSY-FC-BASIC,WH002,MAT-202604-00177,1605,70,"4/15/2026",0,"4/15/2026",Active
INVBAL000025,"2026-04",M0002,ASSY-FC-BASIC,WH002,MAT-202604-00189,514,86,"4/15/2026",0,"4/15/2026",Active
INVBAL000026,"2025-05",M0002,ASSY-FC-BASIC,WH003,MAT230501-016,175,80,"4/1/2025",0,"5/31/2025",Active
INVBAL000027,"2026-04",M0021,ASSY-FC-RTK,WH002,GR-00489,1849,64,"4/16/2026",0,"4/16/2026",Active
INVBAL000028,"2026-04",M0021,ASSY-FC-RTK,WH002,GR-00493,2554,79,"4/16/2026",0,"4/16/2026",Active
INVBAL000029,"2026-04",M0021,ASSY-FC-RTK,WH005,MFG-202604-00349,247,62,"4/24/2026",0,"4/24/2026",Active
INVBAL000030,"2026-05",M0021,ASSY-FC-RTK,WH005,MFG-202605-00346,483,67,"5/24/2026",0,"5/24/2026",Active
INVBAL000031,"2025-09",M0021,ASSY-FC-RTK,WH004,GR-00679,39,38,"9/29/2025",0,"9/29/2025",Active
INVBAL000032,"2025-10",M0021,ASSY-FC-RTK,WH004,GR-00676,30,29,"10/2/2025",0,"10/2/2025",Active
INVBAL000033,"2025-05",M0021,ASSY-FC-RTK,WH003,MAT230501-017,164,67,"4/1/2025",0,"5/31/2025",Active
INVBAL000034,"2025-09",M0021,ASSY-FC-RTK,WH003,GR-00675,68,67,"9/30/2025",0,"9/30/2025",Active
INVBAL000035,"2025-10",M0021,ASSY-FC-RTK,WH003,GR-00678,119,82,"10/3/2025",0,"10/3/2025",Active
INVBAL000036,"2026-04",M0013,ASSY-PWR-EFF,WH002,MAT-202604-00070,838,64,"4/14/2026",0,"4/14/2026",Active
INVBAL000037,"2026-04",M0013,ASSY-PWR-EFF,WH002,MAT-202604-00087,1190,96,"4/14/2026",0,"4/14/2026",Active
INVBAL000038,"2026-04",M0013,ASSY-PWR-EFF,WH002,GR-00483,1276,60,"4/14/2026",0,"4/14/2026",Active
INVBAL000039,"2026-04",M0013,ASSY-PWR-EFF,WH002,GR-00485,683,78,"4/14/2026",0,"4/14/2026",Active
INVBAL000040,"2025-05",M0013,ASSY-PWR-EFF,WH003,MAT230501-018,121,89,"4/1/2025",0,"5/31/2025",Active
INVBAL000041,"2026-04",M0004,ASSY-PWR-STD,WH002,MAT-202604-00292,1616,56,"4/14/2026",0,"4/14/2026",Active
INVBAL000042,"2026-04",M0004,ASSY-PWR-STD,WH002,GR-00617,1265,82,"4/14/2026",0,"4/14/2026",Active
INVBAL000043,"2025-05",M0004,ASSY-PWR-STD,WH003,MAT230501-019,427,96,"4/1/2025",0,"5/31/2025",Active
INVBAL000044,"2026-04",M0023,ASSY-PWR-TQ,WH002,MAT-202604-00085,2710,62,"4/14/2026",0,"4/14/2026",Active
INVBAL000045,"2026-04",M0023,ASSY-PWR-TQ,WH002,GR-00506,1606,90,"4/14/2026",0,"4/14/2026",Active
INVBAL000046,"2026-04",M0023,ASSY-PWR-TQ,WH002,MAT-202604-00316,410,58,"4/17/2026",0,"4/17/2026",Active
INVBAL000047,"2026-05",M0023,ASSY-PWR-TQ,WH002,GR-00672,324,85,"5/11/2026",0,"5/11/2026",Active
INVBAL000048,"2026-05",M0023,ASSY-PWR-TQ,WH002,MAT-202605-00319,648,70,"5/14/2026",0,"5/14/2026",Active
INVBAL000049,"2026-05",M0023,ASSY-PWR-TQ,WH005,MFG-202605-00347,460,66,"5/24/2026",0,"5/24/2026",Active
INVBAL000050,"2025-05",M0023,ASSY-PWR-TQ,WH003,MAT230501-020,102,91,"4/1/2025",0,"5/31/2025",Active
INVBAL000051,"2026-04",M0049,COMP-ARM-CF-TUBE,WH002,MAT-202604-00127,1632,50,"4/15/2026",0,"4/15/2026",Active
INVBAL000052,"2026-04",M0049,COMP-ARM-CF-TUBE,WH002,MAT-202604-00160,929,85,"4/15/2026",0,"4/15/2026",Active
INVBAL000053,"2026-04",M0049,COMP-ARM-CF-TUBE,WH002,MAT-202604-00168,639,100,"4/15/2026",0,"4/15/2026",Active
INVBAL000054,"2026-04",M0049,COMP-ARM-CF-TUBE,WH002,GR-00520,731,98,"4/15/2026",0,"4/15/2026",Active
INVBAL000055,"2025-05",M0049,COMP-ARM-CF-TUBE,WH003,MAT230501-021,396,87,"4/1/2025",0,"5/31/2025",Active
INVBAL000056,"2026-04",M0055,COMP-ARM-CF-TUBE-HD,WH002,MAT-202604-00154,1120,94,"4/16/2026",0,"4/16/2026",Active
INVBAL000057,"2026-04",M0055,COMP-ARM-CF-TUBE-HD,WH002,MAT-202604-00180,1445,67,"4/16/2026",0,"4/16/2026",Active
INVBAL000058,"2026-04",M0055,COMP-ARM-CF-TUBE-HD,WH002,GR-00523,1643,73,"4/16/2026",0,"4/16/2026",Active
INVBAL000059,"2025-05",M0055,COMP-ARM-CF-TUBE-HD,WH003,MAT230501-022,429,77,"4/1/2025",0,"5/31/2025",Active
INVBAL000060,"2026-04",M0090,COMP-BAT-MANAGER,WH005,MFG-202604-00351,410,100,"4/22/2026",0,"4/22/2026",Active
INVBAL000061,"2025-05",M0090,COMP-BAT-MANAGER,WH003,MAT230501-023,329,60,"4/1/2025",0,"5/31/2025",Active
INVBAL000062,"2026-04",M0090,COMP-BAT-MANAGER,WH003,MAT-202604-00095,987,50,"4/15/2026",0,"4/15/2026",Active
INVBAL000063,"2026-04",M0090,COMP-BAT-MANAGER,WH003,GR-00488,1080,98,"4/15/2026",0,"4/15/2026",Active
INVBAL000064,"2026-04",M0090,COMP-BAT-MANAGER,WH003,GR-00491,691,63,"4/15/2026",0,"4/15/2026",Active
INVBAL000065,"2026-04",M0090,COMP-BAT-MANAGER,WH003,GR-00511,667,69,"4/15/2026",0,"4/15/2026",Active
INVBAL000066,"2025-05",M0091,COMP-BAT-MOUNT,WH003,MAT230501-024,94,93,"4/1/2025",0,"5/31/2025",Active
INVBAL000067,"2026-04",M0091,COMP-BAT-MOUNT,WH003,MAT-202604-00074,927,73,"4/14/2026",0,"4/14/2026",Active
INVBAL000068,"2026-04",M0091,COMP-BAT-MOUNT,WH003,MAT-202604-00106,652,88,"4/14/2026",0,"4/14/2026",Active
INVBAL000069,"2026-04",M0091,COMP-BAT-MOUNT,WH003,GR-00501,842,68,"4/14/2026",0,"4/14/2026",Active
INVBAL000070,"2026-04",M0091,COMP-BAT-MOUNT,WH003,GR-00510,1310,89,"4/14/2026",0,"4/14/2026",Active
INVBAL000071,"2026-04",M0044,COMP-COVER-PLA-DN,WH002,MAT-202604-00134,592,85,"4/15/2026",0,"4/15/2026",Active
INVBAL000072,"2026-04",M0044,COMP-COVER-PLA-DN,WH002,MAT-202604-00181,935,54,"4/15/2026",0,"4/15/2026",Active
INVBAL000073,"2026-04",M0044,COMP-COVER-PLA-DN,WH002,MAT-202604-00182,847,84,"4/15/2026",0,"4/15/2026",Active
INVBAL000074,"2026-04",M0044,COMP-COVER-PLA-DN,WH002,MAT-202604-00225,1045,74,"4/15/2026",0,"4/15/2026",Active
INVBAL000075,"2025-05",M0044,COMP-COVER-PLA-DN,WH003,MAT230501-025,352,75,"4/1/2025",0,"5/31/2025",Active
INVBAL000076,"2026-04",M0043,COMP-COVER-PLA-UP,WH002,MAT-202604-00241,821,76,"4/15/2026",0,"4/15/2026",Active
INVBAL000077,"2026-04",M0043,COMP-COVER-PLA-UP,WH002,MAT-202604-00266,465,97,"4/15/2026",0,"4/15/2026",Active
INVBAL000078,"2026-04",M0043,COMP-COVER-PLA-UP,WH002,GR-00587,416,72,"4/15/2026",0,"4/15/2026",Active
INVBAL000079,"2026-04",M0043,COMP-COVER-PLA-UP,WH002,GR-00589,846,93,"4/15/2026",0,"4/15/2026",Active
INVBAL000080,"2025-05",M0043,COMP-COVER-PLA-UP,WH003,MAT230501-026,266,92,"4/1/2025",0,"5/31/2025",Active
INVBAL000081,"2026-04",M0071,COMP-FC-CASE-AL,WH002,MAT-202604-00221,1438,80,"4/16/2026",0,"4/16/2026",Active
INVBAL000082,"2026-04",M0071,COMP-FC-CASE-AL,WH002,MAT-202604-00230,2831,73,"4/16/2026",0,"4/16/2026",Active
INVBAL000083,"2025-05",M0071,COMP-FC-CASE-AL,WH003,MAT230501-027,66,65,"4/1/2025",0,"5/31/2025",Active
INVBAL000084,"2026-04",M0076,COMP-FC-CASE-AL-IND,WH002,MAT-202604-00199,380,91,"4/15/2026",0,"4/15/2026",Active
INVBAL000085,"2026-04",M0076,COMP-FC-CASE-AL-IND,WH002,MAT-202604-00216,902,82,"4/15/2026",0,"4/15/2026",Active
INVBAL000086,"2026-04",M0076,COMP-FC-CASE-AL-IND,WH002,MAT-202604-00217,749,77,"4/15/2026",0,"4/15/2026",Active
INVBAL000087,"2026-04",M0076,COMP-FC-CASE-AL-IND,WH002,MAT-202604-00227,1241,55,"4/15/2026",0,"4/15/2026",Active
INVBAL000088,"2025-05",M0076,COMP-FC-CASE-AL-IND,WH003,MAT230501-028,65,51,"4/1/2025",0,"5/31/2025",Active
INVBAL000089,"2026-04",M0065,COMP-FC-CASE-PLA,WH002,MAT-202604-00212,1601,75,"4/14/2026",0,"4/14/2026",Active
INVBAL000090,"2026-04",M0065,COMP-FC-CASE-PLA,WH002,GR-00531,1189,72,"4/14/2026",0,"4/14/2026",Active
INVBAL000091,"2026-04",M0065,COMP-FC-CASE-PLA,WH002,GR-00538,826,95,"4/14/2026",0,"4/14/2026",Active
INVBAL000092,"2025-05",M0065,COMP-FC-CASE-PLA,WH003,MAT230501-029,97,93,"4/1/2025",0,"5/31/2025",Active
INVBAL000093,"2026-04",M0066,COMP-FC-PCB-A1,WH002,MAT-202604-00281,831,55,"4/16/2026",0,"4/16/2026",Active
INVBAL000094,"2026-04",M0066,COMP-FC-PCB-A1,WH002,MAT-202604-00296,884,88,"4/16/2026",0,"4/16/2026",Active
INVBAL000095,"2026-04",M0066,COMP-FC-PCB-A1,WH002,GR-00592,1343,51,"4/16/2026",0,"4/16/2026",Active
INVBAL000096,"2025-05",M0066,COMP-FC-PCB-A1,WH003,MAT230501-030,161,69,"4/1/2025",0,"5/31/2025",Active
INVBAL000097,"2026-04",M0060,COMP-FC-PCB-B1,WH002,MAT-202604-00202,664,74,"4/14/2026",0,"4/14/2026",Active
INVBAL000098,"2026-04",M0060,COMP-FC-PCB-B1,WH002,MAT-202604-00204,535,81,"4/14/2026",0,"4/14/2026",Active
INVBAL000099,"2026-04",M0060,COMP-FC-PCB-B1,WH002,MAT-202604-00219,376,94,"4/14/2026",0,"4/14/2026",Active
INVBAL000100,"2026-04",M0060,COMP-FC-PCB-B1,WH002,GR-00562,829,51,"4/14/2026",0,"4/14/2026",Active
INVBAL000101,"2025-05",M0060,COMP-FC-PCB-B1,WH003,MAT230501-031,169,58,"4/1/2025",0,"5/31/2025",Active
INVBAL000102,"2026-04",M0072,COMP-FC-PCB-R1,WH002,MAT-202604-00239,104,73,"4/16/2026",0,"4/16/2026",Active
INVBAL000103,"2026-04",M0072,COMP-FC-PCB-R1,WH002,MAT-202604-00256,708,67,"4/16/2026",0,"4/16/2026",Active
INVBAL000104,"2026-04",M0072,COMP-FC-PCB-R1,WH002,GR-00595,789,75,"4/16/2026",0,"4/16/2026",Active
INVBAL000105,"2026-04",M0072,COMP-FC-PCB-R1,WH002,GR-00601,399,91,"4/16/2026",0,"4/16/2026",Active
INVBAL000106,"2026-05",M0072,COMP-FC-PCB-R1,WH005,MFG-202605-00348,460,80,"5/22/2026",0,"5/22/2026",Active
INVBAL000107,"2025-05",M0072,COMP-FC-PCB-R1,WH003,MAT230501-032,308,66,"4/1/2025",0,"5/31/2025",Active
INVBAL000108,"2026-04",M0048,COMP-FRAME-CF,WH002,MAT-202604-00207,1078,84,"4/16/2026",0,"4/16/2026",Active
INVBAL000109,"2026-04",M0048,COMP-FRAME-CF,WH002,MAT-202604-00218,1082,93,"4/16/2026",0,"4/16/2026",Active
INVBAL000110,"2026-04",M0048,COMP-FRAME-CF,WH002,MAT-202604-00233,984,63,"4/16/2026",0,"4/16/2026",Active
INVBAL000111,"2025-05",M0048,COMP-FRAME-CF,WH003,MAT230501-033,358,63,"4/1/2025",0,"5/31/2025",Active
INVBAL000112,"2026-04",M0054,COMP-FRAME-CF-IND,WH002,MAT-202604-00246,855,97,"4/15/2026",0,"4/15/2026",Active
INVBAL000113,"2026-04",M0054,COMP-FRAME-CF-IND,WH002,MAT-202604-00270,1911,51,"4/15/2026",0,"4/15/2026",Active
INVBAL000114,"2026-04",M0054,COMP-FRAME-CF-IND,WH002,MAT-202604-00302,1470,56,"4/15/2026",0,"4/15/2026",Active
INVBAL000115,"2025-05",M0054,COMP-FRAME-CF-IND,WH003,MAT230501-034,63,62,"4/1/2025",0,"5/31/2025",Active
INVBAL000116,"2026-04",M0042,COMP-FRAME-PLA,WH002,MAT-202604-00274,1372,59,"4/14/2026",0,"4/14/2026",Active
INVBAL000117,"2026-04",M0042,COMP-FRAME-PLA,WH002,MAT-202604-00291,1169,91,"4/14/2026",0,"4/14/2026",Active
INVBAL000118,"2025-05",M0042,COMP-FRAME-PLA,WH003,MAT230501-035,337,89,"4/1/2025",0,"5/31/2025",Active
INVBAL000119,"2026-04",M0057,COMP-LG-AL-IND,WH002,MAT-202604-00086,913,76,"4/14/2026",0,"4/14/2026",Active
INVBAL000120,"2026-04",M0057,COMP-LG-AL-IND,WH002,MAT-202604-00122,1399,82,"4/14/2026",0,"4/14/2026",Active
INVBAL000121,"2026-04",M0057,COMP-LG-AL-IND,WH002,MAT-202604-00132,1399,93,"4/14/2026",0,"4/14/2026",Active
INVBAL000122,"2026-04",M0057,COMP-LG-AL-IND,WH002,GR-00541,723,50,"4/14/2026",0,"4/14/2026",Active
INVBAL000123,"2025-05",M0057,COMP-LG-AL-IND,WH003,MAT230501-036,151,97,"4/1/2025",0,"5/31/2025",Active
INVBAL000124,"2026-04",M0051,COMP-LG-CF,WH002,MAT-202604-00077,771,58,"4/14/2026",0,"4/14/2026",Active
INVBAL000125,"2026-04",M0051,COMP-LG-CF,WH002,MAT-202604-00110,1217,80,"4/14/2026",0,"4/14/2026",Active
INVBAL000126,"2026-04",M0051,COMP-LG-CF,WH002,MAT-202604-00123,1124,62,"4/14/2026",0,"4/14/2026",Active
INVBAL000127,"2025-05",M0051,COMP-LG-CF,WH003,MAT230501-037,416,71,"4/1/2025",0,"5/31/2025",Active
INVBAL000128,"2026-04",M0045,COMP-LG-PLA,WH002,MAT-202604-00146,2186,77,"4/14/2026",0,"4/14/2026",Active
INVBAL000129,"2026-04",M0045,COMP-LG-PLA,WH002,MAT-202604-00167,2178,67,"4/14/2026",0,"4/14/2026",Active
INVBAL000130,"2025-05",M0045,COMP-LG-PLA,WH003,MAT230501-038,382,59,"4/1/2025",0,"5/31/2025",Active
INVBAL000131,"2026-04",M0050,COMP-MOTOR-MOUNT-AL,WH004,GR-00586,2082,89,"4/14/2026",0,"4/14/2026",Active
INVBAL000132,"2026-04",M0050,COMP-MOTOR-MOUNT-AL,WH004,GR-00618,1674,72,"4/14/2026",0,"4/14/2026",Active
INVBAL000133,"2025-05",M0050,COMP-MOTOR-MOUNT-AL,WH003,MAT230501-039,409,63,"4/1/2025",0,"5/31/2025",Active
INVBAL000134,"2026-05",M0056,COMP-MOTOR-MOUNT-AL-HD,WH002,MAT-202605-00307,2400,77,"5/14/2026",0,"5/14/2026",Active
INVBAL000135,"2026-04",M0056,COMP-MOTOR-MOUNT-AL-HD,WH005,MFG-202604-00350,1444,56,"4/26/2026",0,"4/26/2026",Active
INVBAL000136,"2026-04",M0056,COMP-MOTOR-MOUNT-AL-HD,WH004,MAT-202604-00144,1196,65,"4/16/2026",0,"4/16/2026",Active
INVBAL000137,"2026-04",M0056,COMP-MOTOR-MOUNT-AL-HD,WH004,MAT-202604-00171,406,64,"4/16/2026",0,"4/16/2026",Active
INVBAL000138,"2026-04",M0056,COMP-MOTOR-MOUNT-AL-HD,WH004,MAT-202604-00197,868,55,"4/16/2026",0,"4/16/2026",Active
INVBAL000139,"2026-04",M0056,COMP-MOTOR-MOUNT-AL-HD,WH004,GR-00571,1299,83,"4/16/2026",0,"4/16/2026",Active
INVBAL000140,"2025-05",M0056,COMP-MOTOR-MOUNT-AL-HD,WH003,MAT230501-040,329,96,"4/1/2025",0,"5/31/2025",Active
INVBAL000141,"2026-04",M0075,PART-4G-MODULE,WH002,MAT-202604-00215,1459,100,"4/14/2026",0,"4/14/2026",Active
INVBAL000142,"2026-04",M0075,PART-4G-MODULE,WH002,MAT-202604-00222,959,70,"4/14/2026",0,"4/14/2026",Active
INVBAL000143,"2026-05",M0075,PART-4G-MODULE,WH002,GR-00646,570,74,"5/17/2026",0,"5/17/2026",Active
INVBAL000144,"2026-04",M0018,PART-AVOID-ENHANCED,WH002,MAT-202604-00088,841,74,"4/15/2026",0,"4/15/2026",Active
INVBAL000145,"2026-04",M0018,PART-AVOID-ENHANCED,WH002,MAT-202604-00099,663,85,"4/15/2026",0,"4/15/2026",Active
INVBAL000146,"2026-04",M0018,PART-AVOID-ENHANCED,WH002,MAT-202604-00102,562,95,"4/15/2026",0,"4/15/2026",Active
INVBAL000147,"2026-04",M0018,PART-AVOID-ENHANCED,WH002,GR-00496,574,64,"4/15/2026",0,"4/15/2026",Active
INVBAL000148,"2026-04",M0016,PART-AVOID-VISION,WH002,GR-00542,2014,98,"4/14/2026",0,"4/14/2026",Active
INVBAL000149,"2026-04",M0016,PART-AVOID-VISION,WH002,GR-00553,1944,50,"4/14/2026",0,"4/14/2026",Active
INVBAL000150,"2026-04",M0016,PART-AVOID-VISION,WH002,GR-00575,533,55,"4/14/2026",0,"4/14/2026",Active
INVBAL000151,"2026-04",M0068,PART-BARO-DPS310,WH002,MAT-202604-00206,1554,63,"4/14/2026",0,"4/14/2026",Active
INVBAL000152,"2026-04",M0068,PART-BARO-DPS310,WH002,GR-00530,965,80,"4/14/2026",0,"4/14/2026",Active
INVBAL000153,"2026-04",M0062,PART-BARO-MS5611,WH002,MAT-202604-00075,809,65,"4/15/2026",0,"4/15/2026",Active
INVBAL000154,"2026-04",M0062,PART-BARO-MS5611,WH002,MAT-202604-00078,1126,87,"4/15/2026",0,"4/15/2026",Active
INVBAL000155,"2026-04",M0062,PART-BARO-MS5611,WH002,MAT-202604-00148,813,83,"4/15/2026",0,"4/15/2026",Active
INVBAL000156,"2026-04",M0062,PART-BARO-MS5611,WH002,MAT-202604-00166,1114,81,"4/15/2026",0,"4/15/2026",Active
INVBAL000157,"2026-04",M0034,PART-BAT-12S-16000,WH002,MAT-202604-00303,260,71,"4/17/2026",0,"4/17/2026",Active
INVBAL000158,"2026-04",M0034,PART-BAT-12S-16000,WH002,GR-00627,260,93,"4/17/2026",0,"4/17/2026",Active
INVBAL000159,"2026-04",M0034,PART-BAT-12S-16000,WH003,MAT-202604-00164,250,65,"4/16/2026",0,"4/16/2026",Active
INVBAL000160,"2026-04",M0034,PART-BAT-12S-16000,WH003,MAT-202604-00175,540,99,"4/16/2026",0,"4/16/2026",Active
INVBAL000161,"2026-04",M0034,PART-BAT-12S-16000,WH003,GR-00544,379,73,"4/16/2026",0,"4/16/2026",Active
INVBAL000162,"2026-05",M0040,PART-BAT-12S-22000,WH002,GR-00645,1200,57,"5/20/2026",0,"5/20/2026",Active
INVBAL000163,"2026-04",M0040,PART-BAT-12S-22000,WH003,MAT-202604-00169,569,96,"4/16/2026",0,"4/16/2026",Active
INVBAL000164,"2026-04",M0040,PART-BAT-12S-22000,WH003,MAT-202604-00172,222,51,"4/16/2026",0,"4/16/2026",Active
INVBAL000165,"2026-04",M0040,PART-BAT-12S-22000,WH003,GR-00529,182,74,"4/16/2026",0,"4/16/2026",Active
INVBAL000166,"2026-04",M0040,PART-BAT-12S-22000,WH003,GR-00543,214,60,"4/16/2026",0,"4/16/2026",Active
INVBAL000167,"2026-04",M0005,PART-BAT-2S-3000,WH003,GR-00603,517,77,"4/14/2026",0,"4/14/2026",Active
INVBAL000168,"2026-04",M0005,PART-BAT-2S-3000,WH003,GR-00609,563,74,"4/14/2026",0,"4/14/2026",Active
INVBAL000169,"2026-04",M0008,PART-BAT-3S-4000,WH003,MAT-202604-00178,413,67,"4/16/2026",0,"4/16/2026",Active
INVBAL000170,"2026-04",M0008,PART-BAT-3S-4000,WH003,MAT-202604-00200,470,76,"4/16/2026",0,"4/16/2026",Active
INVBAL000171,"2026-04",M0008,PART-BAT-3S-4000,WH003,GR-00521,270,54,"4/16/2026",0,"4/16/2026",Active
INVBAL000172,"2026-04",M0008,PART-BAT-3S-4000,WH003,GR-00557,287,57,"4/16/2026",0,"4/16/2026",Active
INVBAL000173,"2026-04",M0014,PART-BAT-4S-5200,WH003,MAT-202604-00081,294,64,"4/14/2026",0,"4/14/2026",Active
INVBAL000174,"2026-04",M0014,PART-BAT-4S-5200,WH003,MAT-202604-00092,275,53,"4/14/2026",0,"4/14/2026",Active
INVBAL000175,"2026-04",M0014,PART-BAT-4S-5200,WH003,MAT-202604-00117,377,75,"4/14/2026",0,"4/14/2026",Active
INVBAL000176,"2026-04",M0014,PART-BAT-4S-5200,WH003,MAT-202604-00119,293,73,"4/14/2026",0,"4/14/2026",Active
INVBAL000177,"2026-04",M0089,PART-BAT-6S-10000,WH002,MAT-202604-00317,380,92,"4/10/2026",0,"4/10/2026",Active
INVBAL000178,"2026-04",M0089,PART-BAT-6S-10000,WH002,MAT-202604-00329,190,80,"4/13/2026",0,"4/13/2026",Active
INVBAL000179,"2026-04",M0089,PART-BAT-6S-10000,WH003,MAT-202604-00107,789,93,"4/15/2026",0,"4/15/2026",Active
INVBAL000180,"2026-04",M0089,PART-BAT-6S-10000,WH003,GR-00487,492,78,"4/15/2026",0,"4/15/2026",Active
INVBAL000181,"2026-04",M0080,PART-CABLE-ESC,WH004,MAT-202604-00196,890,52,"4/14/2026",0,"4/14/2026",Active
INVBAL000182,"2026-04",M0080,PART-CABLE-ESC,WH004,GR-00577,1788,67,"4/14/2026",0,"4/14/2026",Active
INVBAL000183,"2026-04",M0088,PART-CABLE-ESC-HD,WH002,GR-00653,2462,100,"4/14/2026",0,"4/14/2026",Active
INVBAL000184,"2026-05",M0088,PART-CABLE-ESC-HD,WH002,GR-00662,874,90,"5/13/2026",0,"5/13/2026",Active
INVBAL000185,"2026-05",M0088,PART-CABLE-ESC-HD,WH002,GR-00657,3420,78,"5/20/2026",0,"5/20/2026",Active
INVBAL000186,"2026-04",M0088,PART-CABLE-ESC-HD,WH004,GR-00495,910,79,"4/14/2026",0,"4/14/2026",Active
INVBAL000187,"2026-04",M0084,PART-CABLE-ESC-SIL,WH004,MAT-202604-00082,1659,74,"4/14/2026",0,"4/14/2026",Active
INVBAL000188,"2026-04",M0084,PART-CABLE-ESC-SIL,WH004,MAT-202604-00097,757,75,"4/14/2026",0,"4/14/2026",Active
INVBAL000189,"2026-04",M0003,PART-CAM-FIX-12MP,WH002,MAT-202604-00173,229,60,"4/16/2026",0,"4/16/2026",Active
INVBAL000190,"2026-04",M0003,PART-CAM-FIX-12MP,WH002,GR-00509,262,60,"4/16/2026",0,"4/16/2026",Active
INVBAL000191,"2026-04",M0003,PART-CAM-FIX-12MP,WH002,GR-00514,330,86,"4/16/2026",0,"4/16/2026",Active
INVBAL000192,"2026-04",M0007,PART-CAM-FIX-20MP,WH002,MAT-202604-00229,488,55,"4/14/2026",0,"4/14/2026",Active
INVBAL000193,"2026-04",M0007,PART-CAM-FIX-20MP,WH002,GR-00578,271,78,"4/14/2026",0,"4/14/2026",Active
INVBAL000194,"2026-04",M0022,PART-CAM-FPV,WH002,GR-00620,260,93,"4/8/2026",0,"4/8/2026",Active
INVBAL000195,"2026-04",M0022,PART-CAM-FPV,WH002,GR-00484,770,74,"4/14/2026",0,"4/14/2026",Active
INVBAL000196,"2026-04",M0022,PART-CAM-FPV,WH002,GR-00507,414,92,"4/14/2026",0,"4/14/2026",Active
INVBAL000197,"2026-05",M0022,PART-CAM-FPV,WH002,MAT-202605-00318,600,64,"5/8/2026",0,"5/8/2026",Active
INVBAL000198,"2026-05",M0022,PART-CAM-FPV,WH002,GR-00622,600,76,"5/8/2026",0,"5/8/2026",Active
INVBAL000199,"2026-05",M0022,PART-CAM-FPV,WH002,GR-00629,386,58,"5/14/2026",0,"5/14/2026",Active
INVBAL000200,"2026-05",M0022,PART-CAM-FPV,WH002,MAT-202605-00305,483,71,"5/17/2026",0,"5/17/2026",Active
INVBAL000201,"2026-04",M0012,PART-CAM-GIMBAL-1INCH,WH002,MAT-202604-00161,387,59,"4/16/2026",0,"4/16/2026",Active
INVBAL000202,"2026-04",M0012,PART-CAM-GIMBAL-1INCH,WH002,MAT-202604-00193,299,68,"4/16/2026",0,"4/16/2026",Active
INVBAL000203,"2026-04",M0012,PART-CAM-GIMBAL-1INCH,WH002,GR-00536,303,82,"4/16/2026",0,"4/16/2026",Active
INVBAL000204,"2026-04",M0012,PART-CAM-GIMBAL-1INCH,WH002,GR-00567,209,56,"4/16/2026",0,"4/16/2026",Active
INVBAL000205,"2026-04",M0028,PART-CAM-SURVEY-42MP,WH002,MAT-202604-00113,305,74,"4/14/2026",0,"4/14/2026",Active
INVBAL000206,"2026-04",M0028,PART-CAM-SURVEY-42MP,WH002,GR-00486,174,63,"4/14/2026",0,"4/14/2026",Active
INVBAL000207,"2026-04",M0028,PART-CAM-SURVEY-42MP,WH002,GR-00499,373,88,"4/14/2026",0,"4/14/2026",Active
INVBAL000208,"2026-04",M0028,PART-CAM-SURVEY-42MP,WH002,GR-00502,308,92,"4/14/2026",0,"4/14/2026",Active
INVBAL000209,"2026-04",M0030,PART-CAM-THERMAL,WH002,GR-00588,481,56,"4/16/2026",0,"4/16/2026",Active
INVBAL000210,"2026-04",M0030,PART-CAM-THERMAL,WH002,GR-00608,488,66,"4/16/2026",0,"4/16/2026",Active
INVBAL000211,"2026-04",M0030,PART-CAM-THERMAL,WH002,GR-00619,162,91,"4/16/2026",0,"4/16/2026",Active
INVBAL000212,"2026-04",M0017,PART-CAM-ZOOM,WH002,MAT-202604-00267,214,94,"4/16/2026",0,"4/16/2026",Active
INVBAL000213,"2026-04",M0017,PART-CAM-ZOOM,WH002,MAT-202604-00283,191,100,"4/16/2026",0,"4/16/2026",Active
INVBAL000214,"2026-04",M0017,PART-CAM-ZOOM,WH002,MAT-202604-00298,241,64,"4/16/2026",0,"4/16/2026",Active
INVBAL000215,"2026-04",M0017,PART-CAM-ZOOM,WH002,GR-00604,303,78,"4/16/2026",0,"4/16/2026",Active
INVBAL000216,"2026-04",M0031,PART-CAM-ZOOM-30X,WH002,MAT-202604-00295,274,81,"4/16/2026",0,"4/16/2026",Active
INVBAL000217,"2026-04",M0031,PART-CAM-ZOOM-30X,WH002,GR-00591,638,82,"4/16/2026",0,"4/16/2026",Active
INVBAL000218,"2026-04",M0107,PART-CAP-SMD-0201,WH002,MAT-202604-00090,2081,100,"4/14/2026",0,"4/14/2026",Active
INVBAL000219,"2026-04",M0107,PART-CAP-SMD-0201,WH002,GR-00494,1273,89,"4/14/2026",0,"4/14/2026",Active
INVBAL000220,"2026-04",M0107,PART-CAP-SMD-0201,WH002,GR-00505,860,64,"4/14/2026",0,"4/14/2026",Active
INVBAL000221,"2026-04",M0100,PART-CAP-SMD-0402,WH002,MAT-202604-00165,1773,96,"4/14/2026",0,"4/14/2026",Active
INVBAL000222,"2026-04",M0100,PART-CAP-SMD-0402,WH002,GR-00549,1378,97,"4/14/2026",0,"4/14/2026",Active
INVBAL000223,"2026-04",M0070,PART-COMPASS-IST8310,WH002,MAT-202604-00209,2767,77,"4/14/2026",0,"4/14/2026",Active
INVBAL000224,"2026-04",M0070,PART-COMPASS-IST8310,WH002,GR-00564,1442,51,"4/14/2026",0,"4/14/2026",Active
INVBAL000225,"2026-04",M0064,PART-COMPASS-QMC5883,WH002,MAT-202604-00236,524,50,"4/14/2026",0,"4/14/2026",Active
INVBAL000226,"2026-04",M0064,PART-COMPASS-QMC5883,WH002,MAT-202604-00250,494,75,"4/14/2026",0,"4/14/2026",Active
INVBAL000227,"2026-04",M0064,PART-COMPASS-QMC5883,WH002,MAT-202604-00265,604,98,"4/14/2026",0,"4/14/2026",Active
INVBAL000228,"2026-04",M0064,PART-COMPASS-QMC5883,WH002,MAT-202604-00282,1176,56,"4/14/2026",0,"4/14/2026",Active
INVBAL000229,"2026-04",M0098,PART-CONN-DF13-6P,WH002,MAT-202604-00203,463,97,"4/15/2026",0,"4/15/2026",Active
INVBAL000230,"2026-04",M0098,PART-CONN-DF13-6P,WH002,MAT-202604-00226,527,58,"4/15/2026",0,"4/15/2026",Active
INVBAL000231,"2026-04",M0098,PART-CONN-DF13-6P,WH002,GR-00558,913,72,"4/15/2026",0,"4/15/2026",Active
INVBAL000232,"2026-04",M0098,PART-CONN-DF13-6P,WH002,GR-00574,584,50,"4/15/2026",0,"4/15/2026",Active
INVBAL000233,"2026-04",M0111,PART-CONN-GH-1.25-10P,WH002,MAT-202604-00100,452,95,"4/15/2026",0,"4/15/2026",Active
INVBAL000234,"2026-04",M0111,PART-CONN-GH-1.25-10P,WH002,MAT-202604-00118,2339,97,"4/15/2026",0,"4/15/2026",Active
INVBAL000235,"2026-05",M0111,PART-CONN-GH-1.25-10P,WH002,MAT-202605-00328,608,62,"5/6/2026",0,"5/6/2026",Active
INVBAL000236,"2026-05",M0111,PART-CONN-GH-1.25-10P,WH002,MAT-202605-00315,2280,70,"5/20/2026",0,"5/20/2026",Active
INVBAL000237,"2026-04",M0105,PART-CONN-GH-1.25-6P,WH002,MAT-202604-00260,1974,93,"4/14/2026",0,"4/14/2026",Active
INVBAL000238,"2026-04",M0105,PART-CONN-GH-1.25-6P,WH002,MAT-202604-00264,1291,71,"4/14/2026",0,"4/14/2026",Active
INVBAL000239,"2026-04",M0103,PART-CRYSTAL-25M,WH002,MAT-202604-00237,1325,96,"4/16/2026",0,"4/16/2026",Active
INVBAL000240,"2026-04",M0103,PART-CRYSTAL-25M,WH002,MAT-202604-00258,977,87,"4/16/2026",0,"4/16/2026",Active
INVBAL000241,"2026-04",M0103,PART-CRYSTAL-25M,WH002,GR-00598,1210,86,"4/16/2026",0,"4/16/2026",Active
INVBAL000242,"2026-04",M0103,PART-CRYSTAL-25M,WH002,GR-00607,832,89,"4/16/2026",0,"4/16/2026",Active
INVBAL000243,"2026-04",M0095,PART-CRYSTAL-32K,WH002,MAT-202604-00093,964,99,"4/14/2026",0,"4/14/2026",Active
INVBAL000244,"2026-04",M0095,PART-CRYSTAL-32K,WH002,MAT-202604-00094,668,82,"4/14/2026",0,"4/14/2026",Active
INVBAL000245,"2026-04",M0095,PART-CRYSTAL-32K,WH002,GR-00481,1002,75,"4/14/2026",0,"4/14/2026",Active
INVBAL000246,"2026-04",M0094,PART-CRYSTAL-8M,WH002,GR-00563,1492,86,"4/16/2026",0,"4/16/2026",Active
INVBAL000247,"2026-04",M0094,PART-CRYSTAL-8M,WH002,GR-00580,2066,52,"4/16/2026",0,"4/16/2026",Active
INVBAL000248,"2026-05",M0059,PART-DAMPER-HARD,WH002,MAT-202605-00293,2055,85,"5/14/2026",0,"5/14/2026",Active
INVBAL000249,"2026-05",M0059,PART-DAMPER-HARD,WH002,GR-00593,2160,52,"5/14/2026",0,"5/14/2026",Active
INVBAL000250,"2026-05",M0059,PART-DAMPER-HARD,WH002,GR-00650,1642,95,"5/14/2026",0,"5/14/2026",Active
INVBAL000251,"2026-05",M0059,PART-DAMPER-HARD,WH002,GR-00668,656,77,"5/14/2026",0,"5/14/2026",Active
INVBAL000252,"2026-04",M0053,PART-DAMPER-MED,WH002,MAT-202604-00224,634,73,"4/15/2026",0,"4/15/2026",Active
INVBAL000253,"2026-04",M0053,PART-DAMPER-MED,WH002,MAT-202604-00231,848,63,"4/15/2026",0,"4/15/2026",Active
INVBAL000254,"2026-04",M0053,PART-DAMPER-MED,WH002,GR-00582,804,87,"4/15/2026",0,"4/15/2026",Active
INVBAL000255,"2026-04",M0053,PART-DAMPER-MED,WH002,GR-00614,999,52,"4/15/2026",0,"4/15/2026",Active
INVBAL000256,"2026-04",M0047,PART-DAMPER-SOFT,WH002,MAT-202604-00254,834,92,"4/14/2026",0,"4/14/2026",Active
INVBAL000257,"2026-04",M0047,PART-DAMPER-SOFT,WH002,MAT-202604-00289,1282,86,"4/14/2026",0,"4/14/2026",Active
INVBAL000258,"2026-04",M0047,PART-DAMPER-SOFT,WH002,GR-00611,683,95,"4/14/2026",0,"4/14/2026",Active
INVBAL000259,"2026-04",M0078,PART-ESC-30A,WH004,MAT-202604-00141,2533,51,"4/14/2026",0,"4/14/2026",Active
INVBAL000260,"2026-04",M0078,PART-ESC-30A,WH004,MAT-202604-00179,1171,56,"4/14/2026",0,"4/14/2026",Active
INVBAL000261,"2026-04",M0082,PART-ESC-40A,WH004,MAT-202604-00157,1841,58,"4/14/2026",0,"4/14/2026",Active
INVBAL000262,"2026-04",M0082,PART-ESC-40A,WH004,GR-00555,1479,69,"4/14/2026",0,"4/14/2026",Active
INVBAL000263,"2026-04",M0086,PART-ESC-50A-FOC,WH002,GR-00652,2462,64,"4/28/2026",0,"4/28/2026",Active
INVBAL000264,"2026-04",M0038,PART-ESC-60A,WH002,GR-00667,421,97,"4/13/2026",0,"4/13/2026",Active
INVBAL000265,"2026-05",M0038,PART-ESC-60A,WH002,GR-00632,600,75,"5/26/2026",0,"5/26/2026",Active
INVBAL000266,"2026-04",M0038,PART-ESC-60A,WH004,MAT-202604-00153,1843,88,"4/6/2026",0,"4/6/2026",Active
INVBAL000267,"2026-04",M0038,PART-ESC-60A,WH004,GR-00540,1765,53,"4/16/2026",0,"4/16/2026",Active
INVBAL000268,"2026-04",M0038,PART-ESC-60A,WH004,GR-00548,681,84,"4/16/2026",0,"4/16/2026",Active
INVBAL000269,"2026-04",M0110,PART-FPGA-ICE40,WH002,MAT-202604-00195,341,77,"4/16/2026",0,"4/16/2026",Active
INVBAL000270,"2026-04",M0110,PART-FPGA-ICE40,WH002,MAT-202604-00213,980,100,"4/16/2026",0,"4/16/2026",Active
INVBAL000271,"2026-04",M0110,PART-FPGA-ICE40,WH002,MAT-202604-00232,885,61,"4/16/2026",0,"4/16/2026",Active
INVBAL000272,"2026-04",M0110,PART-FPGA-ICE40,WH002,GR-00569,153,50,"4/16/2026",0,"4/16/2026",Active
INVBAL000273,"2026-05",M0110,PART-FPGA-ICE40,WH002,GR-00664,175,99,"5/6/2026",0,"5/6/2026",Active
INVBAL000274,"2026-05",M0033,PART-FRAME-HEX-CF,WH002,MAT-202605-00192,801,79,"5/15/2026",0,"5/15/2026",Active
INVBAL000275,"2026-05",M0033,PART-FRAME-HEX-CF,WH002,GR-00516,1244,73,"5/15/2026",0,"5/15/2026",Active
INVBAL000276,"2026-05",M0033,PART-FRAME-HEX-CF,WH002,GR-00547,1353,70,"5/15/2026",0,"5/15/2026",Active
INVBAL000277,"2026-04",M0036,PART-FRAME-HEX-CF-HD,WH002,MAT-202604-00109,1138,65,"4/15/2026",0,"4/15/2026",Active
INVBAL000278,"2026-04",M0036,PART-FRAME-HEX-CF-HD,WH002,MAT-202604-00128,955,80,"4/15/2026",0,"4/15/2026",Active
INVBAL000279,"2026-04",M0036,PART-FRAME-HEX-CF-HD,WH002,MAT-202604-00149,949,100,"4/15/2026",0,"4/15/2026",Active
INVBAL000280,"2026-04",M0036,PART-FRAME-HEX-CF-HD,WH002,GR-00539,806,98,"4/15/2026",0,"4/15/2026",Active
INVBAL000281,"2026-04",M0036,PART-FRAME-HEX-CF-HD,WH002,GR-00640,260,71,"4/17/2026",0,"4/17/2026",Active
INVBAL000282,"2026-04",M0036,PART-FRAME-HEX-CF-HD,WH002,MAT-202604-00308,247,84,"4/26/2026",0,"4/26/2026",Active
INVBAL000283,"2026-04",M0074,PART-GNSS-RTK-F9P,WH002,MAT-202604-00129,108,52,"4/15/2026",0,"4/15/2026",Active
INVBAL000284,"2026-04",M0074,PART-GNSS-RTK-F9P,WH002,MAT-202604-00170,845,80,"4/15/2026",0,"4/15/2026",Active
INVBAL000285,"2026-04",M0074,PART-GNSS-RTK-F9P,WH002,MAT-202604-00184,660,79,"4/15/2026",0,"4/15/2026",Active
INVBAL000286,"2026-04",M0074,PART-GNSS-RTK-F9P,WH002,GR-00535,851,99,"4/15/2026",0,"4/15/2026",Active
INVBAL000287,"2026-04",M0063,PART-GNSS-UBLOX-M8N,WH002,GR-00482,1788,57,"4/14/2026",0,"4/14/2026",Active
INVBAL000288,"2026-04",M0063,PART-GNSS-UBLOX-M8N,WH002,GR-00537,1779,96,"4/14/2026",0,"4/14/2026",Active
INVBAL000289,"2026-04",M0069,PART-GNSS-UBLOX-M9N,WH002,MAT-202604-00143,1934,68,"4/14/2026",0,"4/14/2026",Active
INVBAL000290,"2026-04",M0069,PART-GNSS-UBLOX-M9N,WH002,MAT-202604-00190,856,63,"4/14/2026",0,"4/14/2026",Active
INVBAL000291,"2026-04",M0073,PART-IMU-ADIS16505,WH002,MAT-202604-00142,483,50,"4/14/2026",0,"4/14/2026",Active
INVBAL000292,"2026-04",M0073,PART-IMU-ADIS16505,WH002,MAT-202604-00158,734,53,"4/14/2026",0,"4/14/2026",Active
INVBAL000293,"2026-04",M0073,PART-IMU-ADIS16505,WH002,MAT-202604-00201,681,87,"4/14/2026",0,"4/14/2026",Active
INVBAL000294,"2026-04",M0073,PART-IMU-ADIS16505,WH002,MAT-202604-00234,1244,52,"4/14/2026",0,"4/14/2026",Active
INVBAL000295,"2026-05",M0073,PART-IMU-ADIS16505,WH002,GR-00635,460,57,"5/8/2026",0,"5/8/2026",Active
INVBAL000296,"2026-04",M0067,PART-IMU-ICM20689,WH002,MAT-202604-00108,866,96,"4/16/2026",0,"4/16/2026",Active
INVBAL000297,"2026-04",M0067,PART-IMU-ICM20689,WH002,MAT-202604-00112,1338,55,"4/16/2026",0,"4/16/2026",Active
INVBAL000298,"2026-04",M0067,PART-IMU-ICM20689,WH002,GR-00492,1251,80,"4/16/2026",0,"4/16/2026",Active
INVBAL000299,"2026-04",M0061,PART-IMU-MPU6050,WH002,GR-00518,692,71,"4/16/2026",0,"4/16/2026",Active
INVBAL000300,"2026-04",M0061,PART-IMU-MPU6050,WH002,GR-00561,1276,83,"4/16/2026",0,"4/16/2026",Active
INVBAL000301,"2026-04",M0061,PART-IMU-MPU6050,WH002,GR-00579,1230,81,"4/16/2026",0,"4/16/2026",Active
INVBAL000302,"2026-04",M0061,PART-IMU-MPU6050,WH002,GR-00581,848,76,"4/16/2026",0,"4/16/2026",Active
INVBAL000303,"2026-04",M0029,PART-LIDAR,WH002,MAT-202604-00228,1203,86,"4/14/2026",0,"4/14/2026",Active
INVBAL000304,"2026-04",M0029,PART-LIDAR,WH002,MAT-202604-00273,626,89,"4/14/2026",0,"4/14/2026",Active
INVBAL000305,"2026-04",M0029,PART-LIDAR,WH002,MAT-202604-00287,877,100,"4/14/2026",0,"4/14/2026",Active
INVBAL000306,"2026-04",M0029,PART-LIDAR,WH002,GR-00573,1388,70,"4/14/2026",0,"4/14/2026",Active
INVBAL000307,"2026-04",M0118,PART-MCU-STM32F103,WH002,MAT-202604-00268,795,50,"4/14/2026",0,"4/14/2026",Active
INVBAL000308,"2026-04",M0118,PART-MCU-STM32F103,WH002,MAT-202604-00284,735,68,"4/14/2026",0,"4/14/2026",Active
INVBAL000309,"2026-04",M0118,PART-MCU-STM32F103,WH002,GR-00596,1159,56,"4/14/2026",0,"4/14/2026",Active
INVBAL000310,"2026-05",M0118,PART-MCU-STM32F103,WH002,GR-00660,570,95,"5/24/2026",0,"5/24/2026",Active
INVBAL000311,"2026-04",M0092,PART-MCU-STM32F427,WH002,MAT-202604-00103,988,72,"4/16/2026",0,"4/16/2026",Active
INVBAL000312,"2026-04",M0092,PART-MCU-STM32F427,WH002,MAT-202604-00105,369,80,"4/16/2026",0,"4/16/2026",Active
INVBAL000313,"2026-04",M0092,PART-MCU-STM32F427,WH002,GR-00497,476,58,"4/16/2026",0,"4/16/2026",Active
INVBAL000314,"2026-04",M0092,PART-MCU-STM32F427,WH002,GR-00519,574,75,"4/16/2026",0,"4/16/2026",Active
INVBAL000315,"2026-04",M0101,PART-MCU-STM32H743,WH002,MAT-202604-00098,936,82,"4/14/2026",0,"4/14/2026",Active
INVBAL000316,"2026-04",M0101,PART-MCU-STM32H743,WH002,MAT-202604-00111,488,59,"4/14/2026",0,"4/14/2026",Active
INVBAL000317,"2026-04",M0101,PART-MCU-STM32H743,WH002,GR-00490,1191,65,"4/14/2026",0,"4/14/2026",Active
INVBAL000318,"2026-04",M0108,PART-MCU-STM32H753,WH002,MAT-202604-00073,495,81,"4/14/2026",0,"4/14/2026",Active
INVBAL000319,"2026-04",M0108,PART-MCU-STM32H753,WH002,MAT-202604-00150,1779,59,"4/14/2026",0,"4/14/2026",Active
INVBAL000320,"2026-05",M0108,PART-MCU-STM32H753,WH002,MAT-202605-00327,300,83,"5/7/2026",0,"5/7/2026",Active
INVBAL000321,"2026-05",M0108,PART-MCU-STM32H753,WH002,MAT-202605-00325,147,50,"5/9/2026",0,"5/9/2026",Active
INVBAL000322,"2026-05",M0108,PART-MCU-STM32H753,WH002,GR-00663,145,59,"5/9/2026",0,"5/9/2026",Active
INVBAL000323,"2026-05",M0108,PART-MCU-STM32H753,WH002,GR-00637,437,91,"5/14/2026",0,"5/14/2026",Active
INVBAL000324,"2026-04",M0117,PART-MOSFET-DUAL,WH002,MAT-202604-00152,203,71,"4/16/2026",0,"4/16/2026",Active
INVBAL000325,"2026-04",M0117,PART-MOSFET-DUAL,WH002,MAT-202604-00187,523,74,"4/16/2026",0,"4/16/2026",Active
INVBAL000326,"2026-04",M0117,PART-MOSFET-DUAL,WH002,MAT-202604-00194,926,95,"4/16/2026",0,"4/16/2026",Active
INVBAL000327,"2026-04",M0077,PART-MOTOR-2212-920KV,WH004,MAT-202604-00242,903,51,"4/14/2026",0,"4/14/2026",Active
INVBAL000328,"2026-04",M0077,PART-MOTOR-2212-920KV,WH004,MAT-202604-00269,987,74,"4/14/2026",0,"4/14/2026",Active
INVBAL000329,"2026-04",M0077,PART-MOTOR-2212-920KV,WH004,GR-00594,762,95,"4/14/2026",0,"4/14/2026",Active
INVBAL000330,"2026-04",M0081,PART-MOTOR-2312-960KV,WH004,MAT-202604-00214,557,73,"4/14/2026",0,"4/14/2026",Active
INVBAL000331,"2026-04",M0081,PART-MOTOR-2312-960KV,WH004,GR-00566,582,78,"4/14/2026",0,"4/14/2026",Active
INVBAL000332,"2026-04",M0081,PART-MOTOR-2312-960KV,WH004,GR-00583,788,74,"4/14/2026",0,"4/14/2026",Active
INVBAL000333,"2026-04",M0081,PART-MOTOR-2312-960KV,WH004,GR-00585,903,51,"4/14/2026",0,"4/14/2026",Active
INVBAL000334,"2026-04",M0085,PART-MOTOR-4114-400KV,WH002,GR-00625,2166,95,"4/20/2026",0,"4/20/2026",Active
INVBAL000335,"2026-04",M0085,PART-MOTOR-4114-400KV,WH002,GR-00651,649,100,"4/20/2026",0,"4/20/2026",Active
INVBAL000336,"2026-05",M0085,PART-MOTOR-4114-400KV,WH002,GR-00636,786,95,"5/24/2026",0,"5/24/2026",Active
INVBAL000337,"2026-04",M0085,PART-MOTOR-4114-400KV,WH004,GR-00606,144,72,"4/16/2026",0,"4/16/2026",Active
INVBAL000338,"2026-04",M0037,PART-MOTOR-5010-PRO,WH002,MAT-202604-00313,444,75,"4/8/2026",0,"4/8/2026",Active
INVBAL000339,"2026-04",M0037,PART-MOTOR-5010-PRO,WH002,GR-00624,1482,72,"4/28/2026",0,"4/28/2026",Active
INVBAL000340,"2026-05",M0037,PART-MOTOR-5010-PRO,WH002,GR-00631,570,79,"5/14/2026",0,"5/14/2026",Active
INVBAL000341,"2026-04",M0037,PART-MOTOR-5010-PRO,WH004,MAT-202604-00136,1406,77,"4/15/2026",0,"4/15/2026",Active
INVBAL000342,"2026-04",M0037,PART-MOTOR-5010-PRO,WH004,GR-00517,711,51,"4/15/2026",0,"4/15/2026",Active
INVBAL000343,"2026-04",M0037,PART-MOTOR-5010-PRO,WH004,GR-00524,876,59,"4/15/2026",0,"4/15/2026",Active
INVBAL000344,"2026-04",M0116,PART-PCB-2L,WH002,MAT-202604-00255,733,76,"4/14/2026",0,"4/14/2026",Active
INVBAL000345,"2026-04",M0116,PART-PCB-2L,WH002,MAT-202604-00262,1005,97,"4/14/2026",0,"4/14/2026",Active
INVBAL000346,"2026-04",M0116,PART-PCB-2L,WH002,MAT-202604-00288,746,95,"4/14/2026",0,"4/14/2026",Active
INVBAL000347,"2026-04",M0116,PART-PCB-2L,WH002,GR-00605,1240,62,"4/14/2026",0,"4/14/2026",Active
INVBAL000348,"2026-05",M0116,PART-PCB-2L,WH002,GR-00659,180,99,"5/24/2026",0,"5/24/2026",Active
INVBAL000349,"2026-04",M0093,PART-PCB-FC-4L,WH002,MAT-202604-00275,1917,81,"4/14/2026",0,"4/14/2026",Active
INVBAL000350,"2026-04",M0093,PART-PCB-FC-4L,WH002,MAT-202604-00279,530,81,"4/14/2026",0,"4/14/2026",Active
INVBAL000351,"2026-04",M0093,PART-PCB-FC-4L,WH002,GR-00597,2010,61,"4/14/2026",0,"4/14/2026",Active
INVBAL000352,"2026-04",M0102,PART-PCB-FC-6L,WH002,MAT-202604-00139,2779,70,"4/14/2026",0,"4/14/2026",Active
INVBAL000353,"2026-04",M0102,PART-PCB-FC-6L,WH002,MAT-202604-00155,1457,71,"4/14/2026",0,"4/14/2026",Active
INVBAL000354,"2026-05",M0109,PART-PCB-FC-8L,WH002,MAT-202605-00076,865,84,"5/15/2026",0,"5/15/2026",Active
INVBAL000355,"2026-05",M0109,PART-PCB-FC-8L,WH002,MAT-202605-00101,1796,50,"5/15/2026",0,"5/15/2026",Active
INVBAL000356,"2026-05",M0109,PART-PCB-FC-8L,WH002,MAT-202605-00330,205,77,"5/15/2026",0,"5/15/2026",Active
INVBAL000357,"2026-05",M0109,PART-PCB-FC-8L,WH002,GR-00500,1570,57,"5/15/2026",0,"5/15/2026",Active
INVBAL000358,"2026-05",M0109,PART-PCB-FC-8L,WH002,GR-00643,247,57,"5/15/2026",0,"5/15/2026",Active
INVBAL000359,"2026-05",M0109,PART-PCB-FC-8L,WH002,GR-00647,600,53,"5/28/2026",0,"5/28/2026",Active
INVBAL000360,"2026-04",M0097,PART-POWER-REG-3.3V,WH002,GR-00599,1786,54,"4/16/2026",0,"4/16/2026",Active
INVBAL000361,"2026-04",M0097,PART-POWER-REG-3.3V,WH002,GR-00602,1837,50,"4/16/2026",0,"4/16/2026",Active
INVBAL000362,"2026-04",M0096,PART-POWER-REG-5V,WH002,MAT-202604-00253,421,98,"4/14/2026",0,"4/14/2026",Active
INVBAL000363,"2026-04",M0096,PART-POWER-REG-5V,WH002,MAT-202604-00278,674,76,"4/14/2026",0,"4/14/2026",Active
INVBAL000364,"2026-04",M0096,PART-POWER-REG-5V,WH002,MAT-202604-00297,487,65,"4/14/2026",0,"4/14/2026",Active
INVBAL000365,"2026-04",M0096,PART-POWER-REG-5V,WH002,MAT-202604-00299,1131,57,"4/14/2026",0,"4/14/2026",Active
INVBAL000366,"2026-04",M0104,PART-POWER-REG-5V-3A,WH002,MAT-202604-00080,1007,72,"4/16/2026",0,"4/16/2026",Active
INVBAL000367,"2026-04",M0104,PART-POWER-REG-5V-3A,WH002,MAT-202604-00083,1518,69,"4/16/2026",0,"4/16/2026",Active
INVBAL000368,"2026-04",M0104,PART-POWER-REG-5V-3A,WH002,GR-00503,854,94,"4/16/2026",0,"4/16/2026",Active
INVBAL000369,"2026-04",M0104,PART-POWER-REG-5V-3A,WH002,GR-00508,1071,62,"4/16/2026",0,"4/16/2026",Active
INVBAL000370,"2026-04",M0087,PART-PROP-1755-CF,WH002,MAT-202604-00324,395,78,"4/11/2026",0,"4/11/2026",Active
INVBAL000371,"2026-04",M0087,PART-PROP-1755-CF,WH002,GR-00661,494,87,"4/13/2026",0,"4/13/2026",Active
INVBAL000372,"2026-05",M0087,PART-PROP-1755-CF,WH002,MAT-202605-00321,3888,51,"5/14/2026",0,"5/14/2026",Active
INVBAL000373,"2026-04",M0039,PART-PROP-3016-CF,WH002,GR-00630,247,81,"4/14/2026",0,"4/14/2026",Active
INVBAL000374,"2026-04",M0039,PART-PROP-3016-CF,WH004,MAT-202604-00235,776,68,"4/15/2026",0,"4/15/2026",Active
INVBAL000375,"2026-04",M0039,PART-PROP-3016-CF,WH004,MAT-202604-00276,598,89,"4/15/2026",0,"4/15/2026",Active
INVBAL000376,"2026-04",M0039,PART-PROP-3016-CF,WH004,GR-00572,924,86,"4/15/2026",0,"4/15/2026",Active
INVBAL000377,"2026-04",M0039,PART-PROP-3016-CF,WH004,GR-00576,573,86,"4/15/2026",0,"4/15/2026",Active
INVBAL000378,"2026-04",M0079,PART-PROP-9045,WH004,MAT-202604-00271,1241,98,"4/15/2026",0,"4/15/2026",Active
INVBAL000379,"2026-04",M0079,PART-PROP-9045,WH004,GR-00600,1312,75,"4/15/2026",0,"4/15/2026",Active
INVBAL000380,"2026-04",M0083,PART-PROP-9450-CF,WH004,MAT-202604-00091,2567,53,"4/15/2026",0,"4/15/2026",Active
INVBAL000381,"2026-04",M0083,PART-PROP-9450-CF,WH004,GR-00498,1117,74,"4/15/2026",0,"4/15/2026",Active
INVBAL000382,"2026-04",M0027,PART-RADAR-ALT,WH002,GR-00628,260,79,"4/8/2026",0,"4/8/2026",Active
INVBAL000383,"2026-04",M0027,PART-RADAR-ALT,WH002,MAT-202604-00323,124,83,"4/9/2026",0,"4/9/2026",Active
INVBAL000384,"2026-04",M0027,PART-RADAR-ALT,WH002,MAT-202604-00188,2037,91,"4/14/2026",0,"4/14/2026",Active
INVBAL000385,"2026-04",M0027,PART-RADAR-ALT,WH002,MAT-202604-00304,260,87,"4/14/2026",0,"4/14/2026",Active
INVBAL000386,"2026-04",M0027,PART-RADAR-ALT,WH002,GR-00584,1620,65,"4/14/2026",0,"4/14/2026",Active
INVBAL000387,"2026-04",M0027,PART-RADAR-ALT,WH002,GR-00641,224,57,"4/14/2026",0,"4/14/2026",Active
INVBAL000388,"2026-04",M0027,PART-RADAR-ALT,WH002,MAT-202604-00310,114,85,"4/20/2026",0,"4/20/2026",Active
INVBAL000389,"2026-05",M0027,PART-RADAR-ALT,WH002,GR-00656,600,68,"5/17/2026",0,"5/17/2026",Active
INVBAL000390,"2026-04",M0009,PART-RC-ADV,WH003,MAT-202604-00079,1788,71,"4/14/2026",0,"4/14/2026",Active
INVBAL000391,"2026-04",M0009,PART-RC-ADV,WH003,MAT-202604-00115,905,73,"4/14/2026",0,"4/14/2026",Active
INVBAL000392,"2026-04",M0006,PART-RC-BASIC,WH003,MAT-202604-00089,2609,86,"4/14/2026",0,"4/14/2026",Active
INVBAL000393,"2026-04",M0006,PART-RC-BASIC,WH003,MAT-202604-00104,1771,88,"4/14/2026",0,"4/14/2026",Active
INVBAL000394,"2026-04",M0025,PART-RC-IND,WH002,MAT-202604-00333,281,95,"4/8/2026",0,"4/8/2026",Active
INVBAL000395,"2026-04",M0025,PART-RC-IND,WH002,MAT-202604-00334,361,83,"4/8/2026",0,"4/8/2026",Active
INVBAL000396,"2026-04",M0025,PART-RC-IND,WH002,GR-00649,361,77,"4/10/2026",0,"4/10/2026",Active
INVBAL000397,"2026-04",M0025,PART-RC-IND,WH002,MAT-202604-00309,361,74,"4/26/2026",0,"4/26/2026",Active
INVBAL000398,"2026-04",M0025,PART-RC-IND,WH002,GR-00626,361,79,"4/26/2026",0,"4/26/2026",Active
INVBAL000399,"2026-05",M0025,PART-RC-IND,WH002,MAT-202605-00306,483,58,"5/10/2026",0,"5/10/2026",Active
INVBAL000400,"2026-05",M0025,PART-RC-IND,WH002,MAT-202605-00311,570,79,"5/17/2026",0,"5/17/2026",Active
INVBAL000401,"2026-05",M0025,PART-RC-IND,WH002,MAT-202605-00320,480,85,"5/20/2026",0,"5/20/2026",Active
INVBAL000402,"2026-04",M0025,PART-RC-IND,WH003,MAT-202604-00114,1010,68,"4/16/2026",0,"4/16/2026",Active
INVBAL000403,"2026-04",M0025,PART-RC-IND,WH003,MAT-202604-00116,959,72,"4/16/2026",0,"4/16/2026",Active
INVBAL000404,"2026-04",M0025,PART-RC-IND,WH003,MAT-202604-00151,751,51,"4/16/2026",0,"4/16/2026",Active
INVBAL000405,"2026-04",M0015,PART-RC-PRO,WH003,MAT-202604-00210,2538,58,"4/14/2026",0,"4/14/2026",Active
INVBAL000406,"2026-04",M0015,PART-RC-PRO,WH003,GR-00570,1114,86,"4/14/2026",0,"4/14/2026",Active
INVBAL000407,"2026-04",M0106,PART-RES-SMD-0201,WH002,MAT-202604-00198,2000,52,"4/15/2026",0,"4/15/2026",Active
INVBAL000408,"2026-04",M0106,PART-RES-SMD-0201,WH002,MAT-202604-00211,1097,93,"4/15/2026",0,"4/15/2026",Active
INVBAL000409,"2026-04",M0099,PART-RES-SMD-0402,WH002,MAT-202604-00120,1124,91,"4/14/2026",0,"4/14/2026",Active
INVBAL000410,"2026-04",M0099,PART-RES-SMD-0402,WH002,MAT-202604-00121,1441,93,"4/14/2026",0,"4/14/2026",Active
INVBAL000411,"2026-04",M0099,PART-RES-SMD-0402,WH002,GR-00513,1506,50,"4/14/2026",0,"4/14/2026",Active
INVBAL000412,"2026-04",M0114,PART-SCREW-M2.5-8,WH002,MAT-202604-00185,1555,60,"4/16/2026",0,"4/16/2026",Active
INVBAL000413,"2026-04",M0114,PART-SCREW-M2.5-8,WH002,GR-00527,1431,57,"4/16/2026",0,"4/16/2026",Active
INVBAL000414,"2026-04",M0046,PART-SCREW-M3-10,WH002,GR-00522,1042,53,"4/14/2026",0,"4/14/2026",Active
INVBAL000415,"2026-04",M0046,PART-SCREW-M3-10,WH002,GR-00546,793,73,"4/14/2026",0,"4/14/2026",Active
INVBAL000416,"2026-04",M0046,PART-SCREW-M3-10,WH002,GR-00550,1075,86,"4/14/2026",0,"4/14/2026",Active
INVBAL000417,"2026-04",M0052,PART-SCREW-M3-12,WH002,MAT-202604-00133,847,83,"4/14/2026",0,"4/14/2026",Active
INVBAL000418,"2026-04",M0052,PART-SCREW-M3-12,WH002,MAT-202604-00186,751,56,"4/14/2026",0,"4/14/2026",Active
INVBAL000419,"2026-04",M0052,PART-SCREW-M3-12,WH002,MAT-202604-00220,1204,72,"4/14/2026",0,"4/14/2026",Active
INVBAL000420,"2026-04",M0058,PART-SCREW-M4-16,WH002,MAT-202604-00126,1012,66,"4/16/2026",0,"4/16/2026",Active
INVBAL000421,"2026-04",M0058,PART-SCREW-M4-16,WH002,GR-00545,878,54,"4/16/2026",0,"4/16/2026",Active
INVBAL000422,"2026-04",M0058,PART-SCREW-M4-16,WH002,GR-00559,859,69,"4/16/2026",0,"4/16/2026",Active
INVBAL000423,"2026-04",M0032,PART-SPOTLIGHT-50W,WH002,MAT-202604-00243,855,66,"4/14/2026",0,"4/14/2026",Active
INVBAL000424,"2026-04",M0032,PART-SPOTLIGHT-50W,WH002,MAT-202604-00263,1160,83,"4/14/2026",0,"4/14/2026",Active
INVBAL000425,"2026-04",M0032,PART-SPOTLIGHT-50W,WH002,GR-00615,915,70,"4/14/2026",0,"4/14/2026",Active
INVBAL000426,"2026-04",M0032,PART-SPOTLIGHT-50W,WH002,GR-00616,588,97,"4/14/2026",0,"4/14/2026",Active
INVBAL000427,"2026-04",M0026,PART-SPRAYER-16L,WH003,MAT-202604-00138,2020,69,"4/14/2026",0,"4/14/2026",Active
INVBAL000428,"2026-04",M0026,PART-SPRAYER-16L,WH003,GR-00526,2382,66,"4/14/2026",0,"4/14/2026",Active
INVBAL000429,"2026-04",M0035,PART-SPRAYER-20L,WH002,MAT-202604-00332,497,87,"4/8/2026",0,"4/8/2026",Active
INVBAL000430,"2026-05",M0035,PART-SPRAYER-20L,WH002,GR-00634,497,73,"5/17/2026",0,"5/17/2026",Active
INVBAL000431,"2026-05",M0035,PART-SPRAYER-20L,WH003,MAT-202605-00137,1319,70,"5/14/2026",0,"5/14/2026",Active
INVBAL000432,"2026-05",M0035,PART-SPRAYER-20L,WH003,GR-00532,1525,82,"5/14/2026",0,"5/14/2026",Active
INVBAL000433,"2026-05",M0041,PART-SPRAYER-30L,WH003,MAT-202605-00174,411,75,"5/14/2026",0,"5/14/2026",Active
INVBAL000434,"2026-05",M0041,PART-SPRAYER-30L,WH003,MAT-202605-00191,988,71,"5/14/2026",0,"5/14/2026",Active
INVBAL000435,"2026-05",M0041,PART-SPRAYER-30L,WH003,GR-00528,735,73,"5/14/2026",0,"5/14/2026",Active
INVBAL000436,"2026-05",M0041,PART-SPRAYER-30L,WH003,GR-00554,415,92,"5/14/2026",0,"5/14/2026",Active
INVBAL000437,"2026-04",M0112,RAW-ABS-PELLET,WH005,MAT-202604-00240,1097,81,"4/15/2026",0,"4/15/2026",Active
INVBAL000438,"2026-04",M0112,RAW-ABS-PELLET,WH005,MAT-202604-00247,1319,74,"4/15/2026",0,"4/15/2026",Active
INVBAL000439,"2026-04",M0112,RAW-ABS-PELLET,WH005,MAT-202604-00257,761,73,"4/15/2026",0,"4/15/2026",Active
INVBAL000440,"2026-04",M0112,RAW-ABS-PELLET,WH005,MAT-202604-00286,905,74,"4/15/2026",0,"4/15/2026",Active
INVBAL000441,"2026-04",M0123,RAW-AL-ALLOY,WH002,GR-00623,616,93,"4/8/2026",0,"4/8/2026",Active
INVBAL000442,"2026-04",M0123,RAW-AL-ALLOY,WH002,GR-00654,616,87,"4/8/2026",0,"4/8/2026",Active
INVBAL000443,"2026-04",M0123,RAW-AL-ALLOY,WH002,GR-00670,308,91,"4/8/2026",0,"4/8/2026",Active
INVBAL000444,"2026-05",M0123,RAW-AL-ALLOY,WH002,GR-00665,230,80,"5/9/2026",0,"5/9/2026",Active
INVBAL000445,"2026-05",M0123,RAW-AL-ALLOY,WH002,GR-00666,230,68,"5/9/2026",0,"5/9/2026",Active
INVBAL000446,"2026-05",M0123,RAW-AL-ALLOY,WH002,GR-00638,552,95,"5/10/2026",0,"5/10/2026",Active
INVBAL000447,"2026-04",M0123,RAW-AL-ALLOY,WH005,MAT-202604-00131,1322,69,"4/15/2026",0,"4/15/2026",Active
INVBAL000448,"2026-04",M0123,RAW-AL-ALLOY,WH005,MAT-202604-00163,1223,93,"4/15/2026",0,"4/15/2026",Active
INVBAL000449,"2026-04",M0123,RAW-AL-ALLOY,WH005,GR-00533,1531,80,"4/15/2026",0,"4/15/2026",Active
INVBAL000450,"2026-04",M0123,RAW-AL-ALLOY,WH005,GR-00534,2746,88,"4/15/2026",0,"4/15/2026",Active
INVBAL000451,"2026-04",M0113,RAW-CF-PLATE-3MM,WH005,MAT-202604-00300,2495,72,"4/16/2026",0,"4/16/2026",Active
INVBAL000452,"2026-04",M0113,RAW-CF-PLATE-3MM,WH005,GR-00610,2480,98,"4/16/2026",0,"4/16/2026",Active
INVBAL000453,"2026-04",M0115,RAW-CF-TUBE-16MM,WH005,MAT-202604-00071,3656,60,"4/16/2026",0,"4/16/2026",Active
INVBAL000454,"2026-04",M0115,RAW-CF-TUBE-16MM,WH005,MAT-202604-00072,2722,63,"4/16/2026",0,"4/16/2026",Active
INVBAL000455,"2026-04",M0122,RAW-COPPER-WIRE,WH002,MAT-202604-00312,126,93,"4/17/2026",0,"4/17/2026",Active
INVBAL000456,"2026-05",M0122,RAW-COPPER-WIRE,WH002,GR-00658,432,56,"5/20/2026",0,"5/20/2026",Active
INVBAL000457,"2026-04",M0122,RAW-COPPER-WIRE,WH005,MAT-202604-00244,2406,62,"4/16/2026",0,"4/16/2026",Active
INVBAL000458,"2026-04",M0122,RAW-COPPER-WIRE,WH005,MAT-202604-00294,2440,98,"4/16/2026",0,"4/16/2026",Active
INVBAL000459,"2026-04",M0122,RAW-COPPER-WIRE,WH005,MAT-202604-00301,1634,64,"4/16/2026",0,"4/16/2026",Active
INVBAL000460,"2026-04",M0125,RAW-FR4-CCL,WH002,MAT-202604-00331,11,10,"4/9/2026",0,"4/9/2026",Active
INVBAL000461,"2026-04",M0125,RAW-FR4-CCL,WH002,GR-00671,11,10,"4/9/2026",0,"4/9/2026",Active
INVBAL000462,"2026-05",M0125,RAW-FR4-CCL,WH002,GR-00674,7,6,"5/5/2026",0,"5/5/2026",Active
INVBAL000463,"2026-05",M0125,RAW-FR4-CCL,WH002,MAT-202605-00322,14,13,"5/28/2026",0,"5/28/2026",Active
INVBAL000464,"2026-04",M0125,RAW-FR4-CCL,WH005,MAT-202604-00140,1819,85,"4/15/2026",0,"4/15/2026",Active
INVBAL000465,"2026-04",M0125,RAW-FR4-CCL,WH005,MAT-202604-00176,907,67,"4/15/2026",0,"4/15/2026",Active
INVBAL000466,"2026-04",M0125,RAW-FR4-CCL,WH005,GR-00512,1522,92,"4/15/2026",0,"4/15/2026",Active
INVBAL000467,"2026-04",M0125,RAW-FR4-CCL,WH005,GR-00551,1261,81,"4/15/2026",0,"4/15/2026",Active
INVBAL000468,"2026-04",M0124,RAW-LIPO-CELL,WH002,MAT-202604-00326,337,66,"4/15/2026",0,"4/15/2026",Active
INVBAL000469,"2026-04",M0124,RAW-LIPO-CELL,WH002,GR-00621,1011,62,"4/17/2026",0,"4/17/2026",Active
INVBAL000470,"2026-04",M0124,RAW-LIPO-CELL,WH002,GR-00642,505,86,"4/17/2026",0,"4/17/2026",Active
INVBAL000471,"2026-05",M0124,RAW-LIPO-CELL,WH002,MAT-202605-00314,1166,61,"5/28/2026",0,"5/28/2026",Active
INVBAL000472,"2026-04",M0124,RAW-LIPO-CELL,WH005,MAT-202604-00135,1330,62,"4/16/2026",0,"4/16/2026",Active
INVBAL000473,"2026-04",M0124,RAW-LIPO-CELL,WH005,MAT-202604-00147,2971,98,"4/16/2026",0,"4/16/2026",Active
INVBAL000474,"2026-04",M0124,RAW-LIPO-CELL,WH005,MAT-202604-00162,2295,53,"4/16/2026",0,"4/16/2026",Active
INVBAL000475,"2026-04",M0121,RAW-NEODYMIUM,WH002,GR-00633,70,69,"4/24/2026",0,"4/24/2026",Active
INVBAL000476,"2026-05",M0121,RAW-NEODYMIUM,WH002,GR-00673,54,53,"5/13/2026",0,"5/13/2026",Active
INVBAL000477,"2026-04",M0121,RAW-NEODYMIUM,WH005,MAT-202604-00248,3910,66,"4/15/2026",0,"4/15/2026",Active
INVBAL000478,"2026-04",M0121,RAW-NEODYMIUM,WH005,GR-00612,3238,93,"4/15/2026",0,"4/15/2026",Active
INVBAL000479,"2026-04",M0120,RAW-SI-WAFER-12IN,WH002,GR-00644,1,0,"4/14/2026",0,"4/14/2026",Active
INVBAL000480,"2026-04",M0120,RAW-SI-WAFER-12IN,WH002,GR-00655,1,0,"4/24/2026",0,"4/24/2026",Active
INVBAL000481,"2026-05",M0120,RAW-SI-WAFER-12IN,WH002,GR-00639,1,0,"5/14/2026",0,"5/14/2026",Active
INVBAL000482,"2026-04",M0120,RAW-SI-WAFER-12IN,WH005,MAT-202604-00124,1498,77,"4/14/2026",0,"4/14/2026",Active
INVBAL000483,"2026-04",M0120,RAW-SI-WAFER-12IN,WH005,MAT-202604-00125,1439,84,"4/14/2026",0,"4/14/2026",Active
INVBAL000484,"2026-04",M0120,RAW-SI-WAFER-12IN,WH005,GR-00525,1888,84,"4/14/2026",0,"4/14/2026",Active
INVBAL000485,"2026-04",M0120,RAW-SI-WAFER-12IN,WH005,GR-00556,1296,55,"4/14/2026",0,"4/14/2026",Active
INVBAL000486,"2026-04",M0119,RAW-SI-WAFER-8IN,WH005,MAT-202604-00145,3211,81,"4/16/2026",0,"4/16/2026",Active
INVBAL000487,"2026-04",M0119,RAW-SI-WAFER-8IN,WH005,GR-00504,1998,77,"4/16/2026",0,"4/16/2026",Active
INVBAL000488,"2026-04",P0009,UAV-BF-IND-H20,WH001,MFG-202604-00344,119,14,"4/20/2026",0,"4/20/2026",Active
INVBAL000489,"2026-04",P0010,UAV-BF-IND-H30,WH001,MFG-202604-00345,107,34,"4/20/2026",0,"4/20/2026",Active
INVBAL000490,"2026-04",P0006,UAV-JF-ENT-AG,WH001,MFG-202604-00341,83,12,"4/20/2026",0,"4/20/2026",Active
INVBAL000491,"2026-04",P0008,UAV-JF-ENT-SC,WH001,MFG-202604-00343,83,10,"4/20/2026",0,"4/20/2026",Active
INVBAL000492,"2026-04",P0007,UAV-JF-ENT-SV,WH001,MFG-202604-00342,109,36,"4/20/2026",0,"4/20/2026",Active
INVBAL000493,"2026-04",P0001,UAV-XF-BASIC,WH001,MFG-202604-00336,1127,10,"4/20/2026",0,"4/20/2026",Active
INVBAL000494,"2026-04",P0002,UAV-XF-BASIC-PLUS,WH001,MFG-202604-00337,1179,20,"4/20/2026",0,"4/20/2026",Active
INVBAL000495,"2026-04",P0003,UAV-XF-PRO-A,WH001,MFG-202604-00338,457,30,"4/20/2026",0,"4/20/2026",Active
INVBAL000496,"2026-04",P0004,UAV-XF-PRO-B,WH001,MFG-202604-00339,426,15,"4/20/2026",0,"4/20/2026",Active
INVBAL000497,"2026-04",P0005,UAV-XF-PRO-C,WH001,MFG-202604-00340,551,19,"4/20/2026",0,"4/20/2026",Active
