"mrp_id","billno","materialplanid_number","materialplanid_name","materialattr_title","adviseorderqty","bizorderqty","advisestartdate","adviseenddate","startdate","enddate","orderdate","availabledate","closestatus_title","dropbilltype_name","droptime","rootdemandbillno","planoperatenum","createtime","creator_name","status","closestatus_reason"
MRP00001,MRP-202604-0001,PART-FRAME-HEX-CF,六轴碳纤维机架,外购,260,260,"2026-04-06","2026-04-16","2026-04-07","2026-04-20","2026-04-02","2026-04-22",正常,采购申请,"2026-04-04",MDS-202604-001,MRP-RUN-202604-07,"2026-03-26 00:00:00",PMC-系统,Active,""
MRP00002,MRP-202604-0002,ASSY-FC-RTK,RTK高精度飞控总成,委外,260,247,"2026-04-06","2026-04-22","2026-04-07","2026-04-22","2026-04-01","2026-04-24",已下发,委外订单,"2026-04-04",MDS-202604-001,MRP-RUN-202604-05,"2026-03-25 00:00:00",S&OP-平台,Active,""
MRP00003,MRP-202604-0003,PART-CAM-FPV,FPV图传相机,外购,260,260,"2026-04-04","2026-04-18","2026-04-05","2026-04-24","2026-04-03","2026-04-28",已关闭,采购申请,"2026-04-04",MDS-202604-001,MRP-RUN-202604-02,"2026-03-27 00:00:00",计划专员-王敏,Closed,拆分关闭-分单后关闭
MRP00004,MRP-202604-0004,ASSY-PWR-TQ,高扭矩动力系统总成,自制,260,247,"2026-04-06","2026-04-20","2026-04-07","2026-04-26","2026-04-02","2026-04-28",滚动计划,生产工单,"2026-04-08",MDS-202604-001,MRP-RUN-202604-03,"2026-03-26 00:00:00",PMC-系统,Active,""
MRP00005,MRP-202604-0005,PART-BAT-12S-16000,"12S16000mAh工业电池",外购,520,562,"2026-04-04","2026-04-18","2026-04-06","2026-04-22","2026-04-03","2026-04-24",正常,采购申请,"2026-04-04",MDS-202604-001,MRP-RUN-202604-03,"2026-03-27 00:00:00",S&OP-平台,Active,""
MRP00006,MRP-202604-0006,PART-RC-IND,工业遥控器,外购,260,260,"2026-04-06","2026-04-22","2026-04-07","2026-04-22","2026-04-01","2026-04-24",已下发,采购申请,"2026-04-06",MDS-202604-001,MRP-RUN-202604-01,"2026-03-25 00:00:00",计划专员-王敏,Active,""
MRP00007,MRP-202604-0007,PART-SPRAYER-20L,"20升智能喷洒系统",外购,260,247,"2026-04-05","2026-04-16","2026-04-05","2026-04-20","2026-04-01","2026-04-28",已关闭,采购申请,"2026-04-04",MDS-202604-001,MRP-RUN-202604-02,"2026-03-25 00:00:00",PMC-系统,Closed,""
MRP00008,MRP-202604-0008,PART-RADAR-ALT,雷达测高仪,外购,260,247,"2026-04-05","2026-04-18","2026-04-07","2026-04-24","2026-04-02","2026-04-26",滚动计划,采购申请,"2026-04-10",MDS-202604-001,MRP-RUN-202604-08,"2026-03-26 00:00:00",S&OP-平台,Active,""
MRP00009,MRP-202604-0009,COMP-FC-PCB-R1,RTK飞控主板,自制,260,260,"2026-04-04","2026-04-18","2026-04-07","2026-04-24","2026-04-01","2026-04-26",正常,生产工单,"2026-04-04",MDS-202604-001,MRP-RUN-202604-05,"2026-03-25 00:00:00",计划专员-王敏,Active,""
MRP00010,MRP-202604-0010,PART-IMU-ADIS16505,ADIS16505工业级IMU,外购,260,281,"2026-04-05","2026-04-18","2026-04-07","2026-04-24","2026-04-03","2026-04-24",已下发,采购申请,"2026-04-10",MDS-202604-001,MRP-RUN-202604-04,"2026-03-27 00:00:00",PMC-系统,Active,""
MRP00011,MRP-202604-0011,PART-GNSS-RTK-F9P,ZED-F9P RTK定位模块,外购,260,260,"2026-04-06","2026-04-20","2026-04-06","2026-04-24","2026-04-02","2026-04-26",已关闭,采购申请,"2026-04-10",MDS-202604-001,MRP-RUN-202604-04,"2026-03-26 00:00:00",S&OP-平台,Closed,合并关闭-并单后关闭
MRP00012,MRP-202604-0012,PART-4G-MODULE,"4G通信模块",外购,260,260,"2026-04-04","2026-04-22","2026-04-07","2026-04-22","2026-04-02","2026-04-24",滚动计划,采购申请,"2026-04-10",MDS-202604-001,MRP-RUN-202604-08,"2026-03-26 00:00:00",计划专员-王敏,Active,""
MRP00013,MRP-202604-0013,COMP-FC-CASE-AL-IND,工业级铝合金外壳,委外,260,281,"2026-04-04","2026-04-22","2026-04-07","2026-04-24","2026-04-01","2026-04-24",正常,委外订单,"2026-04-04",MDS-202604-001,MRP-RUN-202604-09,"2026-03-25 00:00:00",PMC-系统,Active,""
MRP00014,MRP-202604-0014,PART-MOTOR-4114-400KV,"4114 400KV高扭矩电机",外购,1560,1482,"2026-04-04","2026-04-16","2026-04-06","2026-04-22","2026-04-02","2026-04-24",已下发,采购申请,"2026-04-10",MDS-202604-001,MRP-RUN-202604-03,"2026-03-26 00:00:00",S&OP-平台,Active,""
MRP00015,MRP-202604-0015,PART-ESC-50A-FOC,"50A FOC电调",外购,1560,1685,"2026-04-04","2026-04-16","2026-04-06","2026-04-22","2026-04-03","2026-04-22",已关闭,采购申请,"2026-04-10",MDS-202604-001,MRP-RUN-202604-02,"2026-03-27 00:00:00",计划专员-王敏,Closed,合并关闭-并单后关闭
MRP00016,MRP-202604-0016,PART-PROP-1755-CF,"1755碳纤维螺旋桨",外购,1560,1482,"2026-04-05","2026-04-16","2026-04-05","2026-04-26","2026-04-03","2026-04-28",滚动计划,采购申请,"2026-04-06",MDS-202604-001,MRP-RUN-202604-05,"2026-03-27 00:00:00",PMC-系统,Active,""
MRP00017,MRP-202604-0017,PART-CABLE-ESC-HD,加强型电调线,外购,1560,1482,"2026-04-05","2026-04-16","2026-04-06","2026-04-26","2026-04-02","2026-04-28",正常,采购申请,"2026-04-06",MDS-202604-001,MRP-RUN-202604-05,"2026-03-26 00:00:00",S&OP-平台,Active,""
MRP00018,MRP-202604-0018,RAW-LIPO-CELL,锂聚合物电芯,外购,624,593,"2026-04-05","2026-04-18","2026-04-06","2026-04-22","2026-04-03","2026-04-22",已下发,采购申请,"2026-04-06",MDS-202604-001,MRP-RUN-202604-03,"2026-03-25 10:00:00",计划专员-王敏,Active,""
MRP00019,MRP-202604-0019,PART-MCU-STM32H753,STM32H753双核芯片,外购,260,281,"2026-04-05","2026-04-18","2026-04-06","2026-04-24","2026-04-01","2026-04-26",已关闭,采购申请,"2026-04-10",MDS-202604-001,MRP-RUN-202604-08,"2026-03-25 10:00:00",PMC-系统,Closed,""
MRP00020,MRP-202604-0020,PART-PCB-FC-8L,"8层飞控PCB板",外购,260,260,"2026-04-06","2026-04-20","2026-04-07","2026-04-20","2026-04-01","2026-04-24",滚动计划,采购申请,"2026-04-08",MDS-202604-001,MRP-RUN-202604-01,"2026-03-25 10:00:00",S&OP-平台,Active,""
MRP00021,MRP-202604-0021,PART-FPGA-ICE40,ICE40 FPGA,外购,260,247,"2026-04-05","2026-04-20","2026-04-06","2026-04-22","2026-04-03","2026-04-28",正常,采购申请,"2026-04-04",MDS-202604-001,MRP-RUN-202604-03,"2026-03-25 10:00:00",计划专员-王敏,Active,""
MRP00022,MRP-202604-0022,PART-CONN-GH-1.25-10P,GH1.25 10PIN连接器,外购,1040,988,"2026-04-05","2026-04-16","2026-04-06","2026-04-20","2026-04-02","2026-04-28",已下发,采购申请,"2026-04-06",MDS-202604-001,MRP-RUN-202604-02,"2026-03-25 10:00:00",PMC-系统,Active,""
MRP00023,MRP-202604-0023,RAW-NEODYMIUM,钕铁硼磁性材料,外购,70,70,"2026-04-04","2026-04-20","2026-04-07","2026-04-24","2026-04-03","2026-04-24",已关闭,采购申请,"2026-04-06",MDS-202604-001,MRP-RUN-202604-05,"2026-03-25 10:00:00",S&OP-平台,Closed,""
MRP00024,MRP-202604-0024,RAW-COPPER-WIRE,铜漆包线,外购,234,253,"2026-04-04","2026-04-18","2026-04-06","2026-04-22","2026-04-03","2026-04-24",滚动计划,采购申请,"2026-04-06",MDS-202604-001,MRP-RUN-202604-01,"2026-03-25 10:00:00",计划专员-王敏,Active,""
MRP00025,MRP-202604-0025,RAW-AL-ALLOY,铝合金材料,外购,390,390,"2026-04-06","2026-04-20","2026-04-07","2026-04-20","2026-04-02","2026-04-24",正常,采购申请,"2026-04-08",MDS-202604-001,MRP-RUN-202604-07,"2026-03-25 10:00:00",PMC-系统,Active,""
MRP00026,MRP-202604-0026,RAW-SI-WAFER-12IN,"12英寸硅晶圆",外购,0,0,"2026-04-06","2026-04-18","2026-04-07","2026-04-26","2026-04-02","2026-04-28",已下发,采购申请,"2026-04-06",MDS-202604-001,MRP-RUN-202604-01,"2026-03-25 10:00:00",S&OP-平台,Active,""
MRP00027,MRP-202604-0027,RAW-FR4-CCL,FR4覆铜板,外购,21,22,"2026-04-06","2026-04-18","2026-04-07","2026-04-20","2026-04-03","2026-04-24",已关闭,采购申请,"2026-04-06",MDS-202604-001,MRP-RUN-202604-06,"2026-03-25 10:00:00",计划专员-王敏,Closed,""
MRP00028,MRP-202605-0028,PART-FRAME-HEX-CF,六轴碳纤维机架,外购,460,460,"2026-05-04","2026-05-16","2026-05-07","2026-05-22","2026-05-02","2026-05-26",滚动计划,采购申请,"2026-05-04",MDS-202605-001,MRP-RUN-202605-09,"2026-03-25 10:00:00",PMC-系统,Active,""
MRP00029,MRP-202605-0029,ASSY-FC-RTK,RTK高精度飞控总成,自制,460,437,"2026-05-06","2026-05-22","2026-05-06","2026-05-26","2026-05-01","2026-05-28",正常,生产工单,"2026-05-06",MDS-202605-001,MRP-RUN-202605-02,"2026-03-25 10:00:00",S&OP-平台,Active,""
MRP00030,MRP-202605-0030,PART-CAM-FPV,FPV图传相机,外购,460,497,"2026-05-05","2026-05-20","2026-05-07","2026-05-22","2026-05-01","2026-05-28",已下发,采购申请,"2026-05-04",MDS-202605-001,MRP-RUN-202605-04,"2026-03-25 10:00:00",计划专员-王敏,Active,""
MRP00031,MRP-202605-0031,ASSY-PWR-TQ,高扭矩动力系统总成,自制,460,460,"2026-05-04","2026-05-16","2026-05-05","2026-05-24","2026-05-02","2026-05-24",已关闭,生产工单,"2026-05-08",MDS-202605-001,MRP-RUN-202605-04,"2026-03-25 10:00:00",PMC-系统,Closed,需求取消
MRP00032,MRP-202605-0032,PART-BAT-12S-16000,"12S16000mAh工业电池",外购,920,920,"2026-05-04","2026-05-18","2026-05-05","2026-05-26","2026-05-03","2026-05-28",滚动计划,采购申请,"2026-05-06",MDS-202605-001,MRP-RUN-202605-07,"2026-03-25 10:00:00",S&OP-平台,Active,""
MRP00033,MRP-202605-0033,PART-RC-IND,工业遥控器,外购,460,460,"2026-05-05","2026-05-20","2026-05-05","2026-05-24","2026-05-01","2026-05-26",正常,采购申请,"2026-05-08",MDS-202605-001,MRP-RUN-202605-07,"2026-03-25 10:00:00",计划专员-王敏,Active,""
MRP00034,MRP-202605-0034,PART-SPRAYER-20L,"20升智能喷洒系统",外购,460,497,"2026-05-06","2026-05-18","2026-05-07","2026-05-20","2026-05-01","2026-05-28",已下发,采购申请,"2026-05-08",MDS-202605-001,MRP-RUN-202605-08,"2026-03-25 10:00:00",PMC-系统,Active,""
MRP00035,MRP-202605-0035,PART-RADAR-ALT,雷达测高仪,外购,460,437,"2026-05-04","2026-05-16","2026-05-05","2026-05-26","2026-05-03","2026-05-28",已关闭,采购申请,"2026-05-10",MDS-202605-001,MRP-RUN-202605-03,"2026-03-25 10:00:00",S&OP-平台,Closed,""
MRP00036,MRP-202605-0036,COMP-FC-PCB-R1,RTK飞控主板,自制,460,460,"2026-05-05","2026-05-20","2026-05-05","2026-05-22","2026-05-01","2026-05-26",滚动计划,生产工单,"2026-05-10",MDS-202605-001,MRP-RUN-202605-07,"2026-03-25 10:00:00",计划专员-王敏,Active,""
MRP00037,MRP-202605-0037,PART-IMU-ADIS16505,ADIS16505工业级IMU,外购,460,460,"2026-05-04","2026-05-22","2026-05-07","2026-05-26","2026-05-03","2026-05-28",正常,采购申请,"2026-05-10",MDS-202605-001,MRP-RUN-202605-08,"2026-03-25 10:00:00",PMC-系统,Active,""
MRP00038,MRP-202605-0038,PART-GNSS-RTK-F9P,ZED-F9P RTK定位模块,外购,460,437,"2026-05-06","2026-05-22","2026-05-07","2026-05-24","2026-05-01","2026-05-26",已下发,采购申请,"2026-05-08",MDS-202605-001,MRP-RUN-202605-04,"2026-03-25 10:00:00",S&OP-平台,Active,""
MRP00039,MRP-202605-0039,PART-4G-MODULE,"4G通信模块",外购,460,437,"2026-05-05","2026-05-22","2026-05-06","2026-05-24","2026-05-03","2026-05-24",已关闭,采购申请,"2026-05-06",MDS-202605-001,MRP-RUN-202605-01,"2026-03-25 10:00:00",计划专员-王敏,Closed,""
MRP00040,MRP-202605-0040,COMP-FC-CASE-AL-IND,工业级铝合金外壳,自制,460,460,"2026-05-04","2026-05-22","2026-05-07","2026-05-26","2026-05-01","2026-05-26",滚动计划,生产工单,"2026-05-06",MDS-202605-001,MRP-RUN-202605-08,"2026-03-25 10:00:00",PMC-系统,Active,""
MRP00041,MRP-202605-0041,PART-MOTOR-4114-400KV,"4114 400KV高扭矩电机",外购,2760,2622,"2026-05-05","2026-05-20","2026-05-07","2026-05-26","2026-05-01","2026-05-28",正常,采购申请,"2026-05-10",MDS-202605-001,MRP-RUN-202605-04,"2026-03-25 10:00:00",S&OP-平台,Active,""
MRP00042,MRP-202605-0042,PART-ESC-50A-FOC,"50A FOC电调",外购,2760,2760,"2026-05-04","2026-05-18","2026-05-06","2026-05-20","2026-05-03","2026-05-22",已下发,采购申请,"2026-05-08",MDS-202605-001,MRP-RUN-202605-02,"2026-03-25 10:00:00",计划专员-王敏,Active,""
MRP00043,MRP-202605-0043,PART-PROP-1755-CF,"1755碳纤维螺旋桨",外购,2760,2622,"2026-05-04","2026-05-22","2026-05-05","2026-05-24","2026-05-03","2026-05-28",已关闭,采购申请,"2026-05-06",MDS-202605-001,MRP-RUN-202605-02,"2026-03-25 10:00:00",PMC-系统,Closed,""
MRP00044,MRP-202605-0044,PART-CABLE-ESC-HD,加强型电调线,外购,2760,2622,"2026-05-05","2026-05-20","2026-05-06","2026-05-20","2026-05-01","2026-05-28",滚动计划,采购申请,"2026-05-10",MDS-202605-001,MRP-RUN-202605-04,"2026-03-25 10:00:00",S&OP-平台,Active,""
MRP00045,MRP-202605-0045,RAW-LIPO-CELL,锂聚合物电芯,外购,1104,1104,"2026-05-06","2026-05-16","2026-05-06","2026-05-24","2026-05-02","2026-05-26",正常,采购申请,"2026-05-06",MDS-202605-001,MRP-RUN-202605-02,"2026-03-25 10:00:00",计划专员-王敏,Active,""
MRP00046,MRP-202605-0046,PART-MCU-STM32H753,STM32H753双核芯片,外购,460,437,"2026-05-04","2026-05-20","2026-05-07","2026-05-22","2026-05-03","2026-05-24",已下发,采购申请,"2026-05-08",MDS-202605-001,MRP-RUN-202605-02,"2026-03-25 10:00:00",PMC-系统,Active,""
MRP00047,MRP-202605-0047,PART-PCB-FC-8L,"8层飞控PCB板",外购,460,437,"2026-05-06","2026-05-22","2026-05-07","2026-05-22","2026-05-01","2026-05-28",已关闭,采购申请,"2026-05-04",MDS-202605-001,MRP-RUN-202605-05,"2026-03-25 10:00:00",S&OP-平台,Closed,""
MRP00048,MRP-202605-0048,PART-FPGA-ICE40,ICE40 FPGA,外购,460,437,"2026-05-04","2026-05-18","2026-05-05","2026-05-22","2026-05-02","2026-05-24",滚动计划,采购申请,"2026-05-08",MDS-202605-001,MRP-RUN-202605-04,"2026-03-25 10:00:00",计划专员-王敏,Active,""
MRP00049,MRP-202605-0049,PART-CONN-GH-1.25-10P,GH1.25 10PIN连接器,外购,1840,1748,"2026-05-04","2026-05-22","2026-05-06","2026-05-24","2026-05-02","2026-05-24",正常,采购申请,"2026-05-06",MDS-202605-001,MRP-RUN-202605-02,"2026-03-25 10:00:00",PMC-系统,Active,""
MRP00050,MRP-202605-0050,RAW-NEODYMIUM,钕铁硼磁性材料,外购,124,118,"2026-05-06","2026-05-20","2026-05-07","2026-05-24","2026-05-01","2026-05-24",已下发,采购申请,"2026-05-10",MDS-202605-001,MRP-RUN-202605-02,"2026-03-25 10:00:00",S&OP-平台,Active,""
MRP00051,MRP-202605-0051,RAW-COPPER-WIRE,铜漆包线,外购,414,414,"2026-05-05","2026-05-20","2026-05-06","2026-05-20","2026-05-02","2026-05-26",已关闭,采购申请,"2026-05-08",MDS-202605-001,MRP-RUN-202605-04,"2026-03-25 10:00:00",计划专员-王敏,Closed,""
MRP00052,MRP-202605-0052,RAW-AL-ALLOY,铝合金材料,外购,690,690,"2026-05-05","2026-05-20","2026-05-06","2026-05-22","2026-05-01","2026-05-22",滚动计划,采购申请,"2026-05-10",MDS-202605-001,MRP-RUN-202605-02,"2026-03-25 10:00:00",PMC-系统,Active,""
MRP00053,MRP-202605-0053,RAW-SI-WAFER-12IN,"12英寸硅晶圆",外购,0,0,"2026-05-06","2026-05-18","2026-05-07","2026-05-22","2026-05-03","2026-05-28",正常,采购申请,"2026-05-06",MDS-202605-001,MRP-RUN-202605-04,"2026-03-25 10:00:00",S&OP-平台,Active,""
MRP00054,MRP-202605-0054,RAW-FR4-CCL,FR4覆铜板,外购,37,40,"2026-05-06","2026-05-18","2026-05-06","2026-05-26","2026-05-03","2026-05-26",已下发,采购申请,"2026-05-04",MDS-202605-001,MRP-RUN-202605-01,"2026-03-25 10:00:00",计划专员-王敏,Active,""
MRP00055,MRP-202604-0055,PART-FRAME-HEX-CF-HD,六轴重载碳纤维机架,外购,260,260,"2026-04-05","2026-04-16","2026-04-05","2026-04-22","2026-04-02","2026-04-28",已关闭,采购申请,"2026-04-04",MDS-202604-002,MRP-RUN-202604-01,"2026-03-25 10:00:00",PMC-系统,Closed,""
MRP00056,MRP-202604-0056,ASSY-FC-RTK,RTK高精度飞控总成,自制,260,247,"2026-04-05","2026-04-20","2026-04-05","2026-04-24","2026-04-03","2026-04-26",滚动计划,生产工单,"2026-04-10",MDS-202604-002,MRP-RUN-202604-04,"2026-03-25 10:00:00",S&OP-平台,Active,""
MRP00057,MRP-202604-0057,PART-CAM-FPV,FPV图传相机,外购,260,281,"2026-04-06","2026-04-18","2026-04-06","2026-04-24","2026-04-01","2026-04-24",正常,采购申请,"2026-04-08",MDS-202604-002,MRP-RUN-202604-06,"2026-03-25 10:00:00",计划专员-王敏,Active,""
MRP00058,MRP-202604-0058,PART-MOTOR-5010-PRO,"5010重载无刷电机",外购,1560,1482,"2026-04-06","2026-04-16","2026-04-07","2026-04-24","2026-04-02","2026-04-26",已下发,采购申请,"2026-04-08",MDS-202604-002,MRP-RUN-202604-05,"2026-03-25 10:00:00",PMC-系统,Active,""
MRP00059,MRP-202604-0059,PART-ESC-60A,"60A电调",外购,1560,1685,"2026-04-04","2026-04-18","2026-04-05","2026-04-24","2026-04-03","2026-04-28",已关闭,采购申请,"2026-04-06",MDS-202604-002,MRP-RUN-202604-08,"2026-03-25 10:00:00",S&OP-平台,Closed,""
MRP00060,MRP-202604-0060,PART-PROP-3016-CF,"3016碳纤螺旋桨",外购,1560,1560,"2026-04-04","2026-04-16","2026-04-05","2026-04-22","2026-04-02","2026-04-22",滚动计划,采购申请,"2026-04-08",MDS-202604-002,MRP-RUN-202604-07,"2026-03-25 10:00:00",计划专员-王敏,Active,""
MRP00061,MRP-202604-0061,PART-BAT-12S-22000,"12S22000mAh重载电池",外购,520,494,"2026-04-06","2026-04-20","2026-04-07","2026-04-26","2026-04-03","2026-04-28",正常,采购申请,"2026-04-04",MDS-202604-002,MRP-RUN-202604-01,"2026-03-25 10:00:00",PMC-系统,Active,""
MRP00062,MRP-202604-0062,PART-RC-IND,工业遥控器,外购,260,281,"2026-04-05","2026-04-16","2026-04-06","2026-04-20","2026-04-03","2026-04-28",已下发,采购申请,"2026-04-10",MDS-202604-002,MRP-RUN-202604-08,"2026-03-25 10:00:00",S&OP-平台,Active,""
MRP00063,MRP-202604-0063,PART-SPRAYER-30L,"30升智能喷洒系统",外购,260,260,"2026-04-04","2026-04-16","2026-04-06","2026-04-24","2026-04-03","2026-04-26",已关闭,采购申请,"2026-04-08",MDS-202604-002,MRP-RUN-202604-05,"2026-03-25 10:00:00",计划专员-王敏,Closed,""
MRP00064,MRP-202604-0064,PART-RADAR-ALT,雷达测高仪,外购,260,281,"2026-04-06","2026-04-16","2026-04-07","2026-04-26","2026-04-03","2026-04-28",滚动计划,采购申请,"2026-04-10",MDS-202604-002,MRP-RUN-202604-02,"2026-03-25 10:00:00",PMC-系统,Active,""
MRP00065,MRP-202604-0065,COMP-FC-PCB-R1,RTK飞控主板,自制,260,281,"2026-04-06","2026-04-20","2026-04-07","2026-04-20","2026-04-03","2026-04-28",正常,生产工单,"2026-04-06",MDS-202604-002,MRP-RUN-202604-02,"2026-03-25 10:00:00",S&OP-平台,Active,""
MRP00066,MRP-202604-0066,PART-IMU-ADIS16505,ADIS16505工业级IMU,外购,260,247,"2026-04-04","2026-04-20","2026-04-06","2026-04-20","2026-04-01","2026-04-22",已下发,采购申请,"2026-04-08",MDS-202604-002,MRP-RUN-202604-07,"2026-03-25 10:00:00",计划专员-王敏,Active,""
MRP00067,MRP-202604-0067,PART-GNSS-RTK-F9P,ZED-F9P RTK定位模块,外购,260,260,"2026-04-06","2026-04-22","2026-04-06","2026-04-24","2026-04-02","2026-04-26",已关闭,采购申请,"2026-04-10",MDS-202604-002,MRP-RUN-202604-01,"2026-03-25 10:00:00",PMC-系统,Closed,拆分关闭-分单后关闭
MRP00068,MRP-202604-0068,PART-4G-MODULE,"4G通信模块",外购,260,260,"2026-04-05","2026-04-18","2026-04-06","2026-04-22","2026-04-03","2026-04-24",滚动计划,采购申请,"2026-04-04",MDS-202604-002,MRP-RUN-202604-08,"2026-03-25 10:00:00",S&OP-平台,Active,""
MRP00069,MRP-202604-0069,COMP-FC-CASE-AL-IND,工业级铝合金外壳,自制,260,247,"2026-04-04","2026-04-22","2026-04-06","2026-04-24","2026-04-02","2026-04-26",正常,生产工单,"2026-04-08",MDS-202604-002,MRP-RUN-202604-07,"2026-03-25 10:00:00",计划专员-王敏,Active,""
MRP00070,MRP-202604-0070,RAW-LIPO-CELL,锂聚合物电芯,外购,936,1011,"2026-04-06","2026-04-18","2026-04-06","2026-04-22","2026-04-03","2026-04-22",已下发,采购申请,"2026-04-06",MDS-202604-002,MRP-RUN-202604-08,"2026-03-25 10:00:00",PMC-系统,Active,""
MRP00071,MRP-202604-0071,PART-MCU-STM32H753,STM32H753双核芯片,外购,260,281,"2026-04-06","2026-04-20","2026-04-07","2026-04-24","2026-04-01","2026-04-24",已关闭,采购申请,"2026-04-04",MDS-202604-002,MRP-RUN-202604-03,"2026-03-25 10:00:00",S&OP-平台,Closed,需求取消
MRP00072,MRP-202604-0072,PART-PCB-FC-8L,"8层飞控PCB板",外购,260,247,"2026-04-04","2026-04-18","2026-04-06","2026-04-24","2026-04-02","2026-04-26",滚动计划,采购申请,"2026-04-04",MDS-202604-002,MRP-RUN-202604-05,"2026-03-25 10:00:00",计划专员-王敏,Active,""
MRP00073,MRP-202604-0073,PART-FPGA-ICE40,ICE40 FPGA,外购,260,260,"2026-04-06","2026-04-18","2026-04-07","2026-04-22","2026-04-03","2026-04-22",正常,采购申请,"2026-04-08",MDS-202604-002,MRP-RUN-202604-02,"2026-03-25 10:00:00",PMC-系统,Active,""
MRP00074,MRP-202604-0074,PART-CONN-GH-1.25-10P,GH1.25 10PIN连接器,外购,1040,988,"2026-04-06","2026-04-18","2026-04-06","2026-04-26","2026-04-02","2026-04-28",已下发,采购申请,"2026-04-06",MDS-202604-002,MRP-RUN-202604-06,"2026-03-25 10:00:00",S&OP-平台,Active,""
MRP00075,MRP-202604-0075,RAW-SI-WAFER-12IN,"12英寸硅晶圆",外购,0,0,"2026-04-04","2026-04-20","2026-04-07","2026-04-22","2026-04-01","2026-04-24",已关闭,采购申请,"2026-04-10",MDS-202604-002,MRP-RUN-202604-09,"2026-03-25 10:00:00",计划专员-王敏,Closed,""
MRP00076,MRP-202604-0076,RAW-FR4-CCL,FR4覆铜板,外购,21,22,"2026-04-05","2026-04-22","2026-04-06","2026-04-24","2026-04-01","2026-04-26",滚动计划,采购申请,"2026-04-08",MDS-202604-002,MRP-RUN-202604-05,"2026-03-25 10:00:00",PMC-系统,Active,""
MRP00077,MRP-202605-0077,PART-FRAME-HEX-CF-HD,六轴重载碳纤维机架,外购,600,600,"2026-05-04","2026-05-18","2026-05-05","2026-05-22","2026-05-02","2026-05-24",正常,采购申请,"2026-05-10",MDS-202605-002,MRP-RUN-202605-08,"2026-03-25 10:00:00",S&OP-平台,Active,""
MRP00078,MRP-202605-0078,ASSY-FC-RTK,RTK高精度飞控总成,自制,600,648,"2026-05-05","2026-05-18","2026-05-06","2026-05-26","2026-05-03","2026-05-26",已下发,生产工单,"2026-05-04",MDS-202605-002,MRP-RUN-202605-05,"2026-03-25 10:00:00",计划专员-王敏,Active,""
MRP00079,MRP-202605-0079,PART-CAM-FPV,FPV图传相机,外购,600,600,"2026-05-05","2026-05-20","2026-05-06","2026-05-26","2026-05-02","2026-05-28",已关闭,采购申请,"2026-05-10",MDS-202605-002,MRP-RUN-202605-01,"2026-03-25 10:00:00",PMC-系统,Closed,投放关闭-已下单
MRP00080,MRP-202605-0080,PART-MOTOR-5010-PRO,"5010重载无刷电机",外购,3600,3420,"2026-05-04","2026-05-20","2026-05-06","2026-05-20","2026-05-03","2026-05-24",滚动计划,采购申请,"2026-05-08",MDS-202605-002,MRP-RUN-202605-03,"2026-03-25 10:00:00",S&OP-平台,Active,""
MRP00081,MRP-202605-0081,PART-ESC-60A,"60A电调",外购,3600,3888,"2026-05-05","2026-05-18","2026-05-07","2026-05-20","2026-05-03","2026-05-28",正常,采购申请,"2026-05-10",MDS-202605-002,MRP-RUN-202605-04,"2026-03-25 10:00:00",计划专员-王敏,Active,""
MRP00082,MRP-202605-0082,PART-PROP-3016-CF,"3016碳纤螺旋桨",外购,3600,3600,"2026-05-04","2026-05-22","2026-05-06","2026-05-22","2026-05-03","2026-05-28",已下发,采购申请,"2026-05-04",MDS-202605-002,MRP-RUN-202605-03,"2026-03-25 10:00:00",PMC-系统,Active,""
MRP00083,MRP-202605-0083,PART-BAT-12S-22000,"12S22000mAh重载电池",外购,1200,1200,"2026-05-05","2026-05-22","2026-05-06","2026-05-26","2026-05-02","2026-05-28",已关闭,采购申请,"2026-05-04",MDS-202605-002,MRP-RUN-202605-01,"2026-03-25 10:00:00",S&OP-平台,Closed,拆分关闭-分单后关闭
MRP00084,MRP-202605-0084,PART-RC-IND,工业遥控器,外购,600,600,"2026-05-05","2026-05-20","2026-05-06","2026-05-24","2026-05-03","2026-05-26",滚动计划,采购申请,"2026-05-10",MDS-202605-002,MRP-RUN-202605-07,"2026-03-25 10:00:00",计划专员-王敏,Active,""
MRP00085,MRP-202605-0085,PART-SPRAYER-30L,"30升智能喷洒系统",外购,600,570,"2026-05-05","2026-05-20","2026-05-05","2026-05-20","2026-05-01","2026-05-28",正常,采购申请,"2026-05-04",MDS-202605-002,MRP-RUN-202605-07,"2026-03-25 10:00:00",PMC-系统,Active,""
MRP00086,MRP-202605-0086,PART-RADAR-ALT,雷达测高仪,外购,600,648,"2026-05-06","2026-05-22","2026-05-07","2026-05-22","2026-05-03","2026-05-22",已下发,采购申请,"2026-05-10",MDS-202605-002,MRP-RUN-202605-03,"2026-03-25 10:00:00",S&OP-平台,Active,""
MRP00087,MRP-202605-0087,COMP-FC-PCB-R1,RTK飞控主板,自制,600,600,"2026-05-06","2026-05-20","2026-05-06","2026-05-22","2026-05-02","2026-05-22",已关闭,生产工单,"2026-05-04",MDS-202605-002,MRP-RUN-202605-08,"2026-03-25 10:00:00",计划专员-王敏,Closed,拆分关闭-分单后关闭
MRP00088,MRP-202605-0088,PART-IMU-ADIS16505,ADIS16505工业级IMU,外购,600,648,"2026-05-05","2026-05-22","2026-05-06","2026-05-24","2026-05-01","2026-05-28",滚动计划,采购申请,"2026-05-10",MDS-202605-002,MRP-RUN-202605-09,"2026-03-25 10:00:00",PMC-系统,Active,""
MRP00089,MRP-202605-0089,PART-GNSS-RTK-F9P,ZED-F9P RTK定位模块,外购,600,600,"2026-05-06","2026-05-16","2026-05-07","2026-05-22","2026-05-01","2026-05-24",正常,采购申请,"2026-05-06",MDS-202605-002,MRP-RUN-202605-08,"2026-03-25 10:00:00",S&OP-平台,Active,""
MRP00090,MRP-202605-0090,PART-4G-MODULE,"4G通信模块",外购,600,570,"2026-05-06","2026-05-18","2026-05-07","2026-05-20","2026-05-02","2026-05-28",已下发,采购申请,"2026-05-04",MDS-202605-002,MRP-RUN-202605-01,"2026-03-25 10:00:00",计划专员-王敏,Active,""
MRP00091,MRP-202605-0091,COMP-FC-CASE-AL-IND,工业级铝合金外壳,委外,600,570,"2026-05-04","2026-05-22","2026-05-06","2026-05-26","2026-05-02","2026-05-26",已关闭,委外订单,"2026-05-08",MDS-202605-002,MRP-RUN-202605-01,"2026-03-25 10:00:00",PMC-系统,Closed,""
MRP00092,MRP-202605-0092,RAW-LIPO-CELL,锂聚合物电芯,外购,2160,2333,"2026-05-05","2026-05-18","2026-05-06","2026-05-26","2026-05-03","2026-05-28",滚动计划,采购申请,"2026-05-08",MDS-202605-002,MRP-RUN-202605-01,"2026-03-25 10:00:00",S&OP-平台,Active,""
MRP00093,MRP-202605-0093,PART-MCU-STM32H753,STM32H753双核芯片,外购,600,600,"2026-05-04","2026-05-20","2026-05-07","2026-05-20","2026-05-03","2026-05-28",正常,采购申请,"2026-05-04",MDS-202605-002,MRP-RUN-202605-07,"2026-03-25 10:00:00",计划专员-王敏,Active,""
MRP00094,MRP-202605-0094,PART-PCB-FC-8L,"8层飞控PCB板",外购,600,600,"2026-05-06","2026-05-18","2026-05-07","2026-05-20","2026-05-02","2026-05-26",已下发,采购申请,"2026-05-10",MDS-202605-002,MRP-RUN-202605-02,"2026-03-25 10:00:00",PMC-系统,Active,""
MRP00095,MRP-202605-0095,PART-FPGA-ICE40,ICE40 FPGA,外购,600,570,"2026-05-06","2026-05-18","2026-05-06","2026-05-20","2026-05-02","2026-05-24",已关闭,采购申请,"2026-05-04",MDS-202605-002,MRP-RUN-202605-01,"2026-03-25 10:00:00",S&OP-平台,Closed,需求取消
MRP00096,MRP-202605-0096,PART-CONN-GH-1.25-10P,GH1.25 10PIN连接器,外购,2400,2280,"2026-05-06","2026-05-16","2026-05-06","2026-05-24","2026-05-03","2026-05-24",滚动计划,采购申请,"2026-05-10",MDS-202605-002,MRP-RUN-202605-03,"2026-03-25 10:00:00",计划专员-王敏,Active,""
MRP00097,MRP-202605-0097,RAW-SI-WAFER-12IN,"12英寸硅晶圆",外购,0,0,"2026-05-05","2026-05-16","2026-05-05","2026-05-24","2026-05-03","2026-05-28",正常,采购申请,"2026-05-08",MDS-202605-002,MRP-RUN-202605-05,"2026-03-25 10:00:00",PMC-系统,Active,""
MRP00098,MRP-202605-0098,RAW-FR4-CCL,FR4覆铜板,外购,48,52,"2026-05-04","2026-05-22","2026-05-05","2026-05-24","2026-05-02","2026-05-26",已下发,采购申请,"2026-05-04",MDS-202605-002,MRP-RUN-202605-06,"2026-03-25 10:00:00",S&OP-平台,Active,""
MRP00099,MRP-202604-0099,ASSY-BODY-IND-01,工业级强化机身总成,自制,380,361,"2026-04-05","2026-04-22","2026-04-06","2026-04-22","2026-04-01","2026-04-22",已关闭,生产工单,"2026-04-06",MDS-202604-003,MRP-RUN-202604-05,"2026-03-25 10:00:00",计划专员-王敏,Closed,需求取消
MRP00100,MRP-202604-0100,ASSY-FC-RTK,RTK高精度飞控总成,自制,380,380,"2026-04-04","2026-04-18","2026-04-07","2026-04-20","2026-04-03","2026-04-24",滚动计划,生产工单,"2026-04-04",MDS-202604-003,MRP-RUN-202604-05,"2026-03-25 10:00:00",PMC-系统,Active,""
MRP00101,MRP-202604-0101,PART-CAM-FPV,FPV图传相机,外购,380,361,"2026-04-05","2026-04-18","2026-04-05","2026-04-20","2026-04-02","2026-04-26",正常,采购申请,"2026-04-08",MDS-202604-003,MRP-RUN-202604-03,"2026-03-25 10:00:00",S&OP-平台,Active,""
MRP00102,MRP-202604-0102,ASSY-PWR-TQ,高扭矩动力系统总成,委外,380,410,"2026-04-04","2026-04-22","2026-04-05","2026-04-24","2026-04-01","2026-04-26",已下发,委外订单,"2026-04-06",MDS-202604-003,MRP-RUN-202604-05,"2026-03-25 10:00:00",计划专员-王敏,Active,""
MRP00103,MRP-202604-0103,ASSY-BAT-DUAL,双电池冗余系统,自制,380,361,"2026-04-06","2026-04-22","2026-04-07","2026-04-24","2026-04-03","2026-04-26",已关闭,生产工单,"2026-04-10",MDS-202604-003,MRP-RUN-202604-02,"2026-03-25 10:00:00",PMC-系统,Closed,合并关闭-并单后关闭
MRP00104,MRP-202604-0104,PART-RC-IND,工业遥控器,外购,380,361,"2026-04-04","2026-04-20","2026-04-05","2026-04-22","2026-04-03","2026-04-26",滚动计划,采购申请,"2026-04-08",MDS-202604-003,MRP-RUN-202604-01,"2026-03-25 10:00:00",S&OP-平台,Active,""
MRP00105,MRP-202604-0105,PART-SPRAYER-16L,"16升智能喷洒系统",外购,380,410,"2026-04-04","2026-04-16","2026-04-05","2026-04-22","2026-04-01","2026-04-22",正常,采购申请,"2026-04-04",MDS-202604-003,MRP-RUN-202604-01,"2026-03-25 10:00:00",计划专员-王敏,Active,""
MRP00106,MRP-202604-0106,PART-RADAR-ALT,雷达测高仪,外购,380,361,"2026-04-06","2026-04-20","2026-04-07","2026-04-20","2026-04-01","2026-04-28",已下发,采购申请,"2026-04-06",MDS-202604-003,MRP-RUN-202604-08,"2026-03-25 10:00:00",PMC-系统,Active,""
MRP00107,MRP-202604-0107,COMP-FRAME-CF-IND,工业级碳纤维框架,委外,380,361,"2026-04-05","2026-04-16","2026-04-06","2026-04-20","2026-04-02","2026-04-26",已关闭,委外订单,"2026-04-10",MDS-202604-003,MRP-RUN-202604-06,"2026-03-25 10:00:00",S&OP-平台,Closed,""
MRP00108,MRP-202604-0108,COMP-ARM-CF-TUBE-HD,加强型碳纤维机臂,自制,1520,1444,"2026-04-04","2026-04-20","2026-04-05","2026-04-26","2026-04-03","2026-04-28",滚动计划,生产工单,"2026-04-06",MDS-202604-003,MRP-RUN-202604-02,"2026-03-25 10:00:00",计划专员-王敏,Active,""
MRP00109,MRP-202604-0109,COMP-MOTOR-MOUNT-AL-HD,重载铝合金电机座,自制,1520,1444,"2026-04-04","2026-04-22","2026-04-06","2026-04-26","2026-04-03","2026-04-28",正常,生产工单,"2026-04-08",MDS-202604-003,MRP-RUN-202604-05,"2026-03-25 10:00:00",PMC-系统,Active,""
MRP00110,MRP-202604-0110,COMP-LG-AL-IND,工业铝合金起落架,自制,760,722,"2026-04-04","2026-04-16","2026-04-06","2026-04-22","2026-04-01","2026-04-26",已下发,生产工单,"2026-04-06",MDS-202604-003,MRP-RUN-202604-02,"2026-03-25 10:00:00",S&OP-平台,Active,""
MRP00111,MRP-202604-0111,PART-SCREW-M4-16,M4x16螺钉,外购,15200,14440,"2026-04-05","2026-04-18","2026-04-06","2026-04-20","2026-04-03","2026-04-24",已关闭,采购申请,"2026-04-08",MDS-202604-003,MRP-RUN-202604-05,"2026-03-25 10:00:00",计划专员-王敏,Closed,""
MRP00112,MRP-202604-0112,PART-DAMPER-HARD,硬质减震球,外购,1520,1642,"2026-04-05","2026-04-18","2026-04-07","2026-04-24","2026-04-02","2026-04-26",滚动计划,采购申请,"2026-04-08",MDS-202604-003,MRP-RUN-202604-01,"2026-03-25 10:00:00",PMC-系统,Active,""
MRP00113,MRP-202604-0113,COMP-FC-PCB-R1,RTK飞控主板,自制,380,361,"2026-04-05","2026-04-22","2026-04-07","2026-04-24","2026-04-03","2026-04-28",正常,生产工单,"2026-04-04",MDS-202604-003,MRP-RUN-202604-09,"2026-03-25 10:00:00",S&OP-平台,Active,""
MRP00114,MRP-202604-0114,PART-IMU-ADIS16505,ADIS16505工业级IMU,外购,380,361,"2026-04-05","2026-04-20","2026-04-05","2026-04-22","2026-04-03","2026-04-26",已下发,采购申请,"2026-04-10",MDS-202604-003,MRP-RUN-202604-05,"2026-03-25 10:00:00",计划专员-王敏,Active,""
MRP00115,MRP-202604-0115,PART-GNSS-RTK-F9P,ZED-F9P RTK定位模块,外购,380,410,"2026-04-04","2026-04-16","2026-04-06","2026-04-20","2026-04-02","2026-04-28",已关闭,采购申请,"2026-04-08",MDS-202604-003,MRP-RUN-202604-02,"2026-03-25 10:00:00",PMC-系统,Closed,需求取消
MRP00116,MRP-202604-0116,PART-4G-MODULE,"4G通信模块",外购,380,380,"2026-04-06","2026-04-22","2026-04-07","2026-04-24","2026-04-01","2026-04-28",滚动计划,采购申请,"2026-04-06",MDS-202604-003,MRP-RUN-202604-09,"2026-03-25 10:00:00",S&OP-平台,Active,""
MRP00117,MRP-202604-0117,COMP-FC-CASE-AL-IND,工业级铝合金外壳,自制,380,410,"2026-04-06","2026-04-22","2026-04-07","2026-04-26","2026-04-02","2026-04-28",正常,生产工单,"2026-04-08",MDS-202604-003,MRP-RUN-202604-08,"2026-03-25 10:00:00",计划专员-王敏,Active,""
MRP00118,MRP-202604-0118,PART-MOTOR-4114-400KV,"4114 400KV高扭矩电机",外购,2280,2166,"2026-04-04","2026-04-16","2026-04-06","2026-04-24","2026-04-03","2026-04-28",已下发,采购申请,"2026-04-10",MDS-202604-003,MRP-RUN-202604-08,"2026-03-25 10:00:00",PMC-系统,Active,""
MRP00119,MRP-202604-0119,PART-ESC-50A-FOC,"50A FOC电调",外购,2280,2462,"2026-04-05","2026-04-18","2026-04-07","2026-04-22","2026-04-02","2026-04-24",已关闭,采购申请,"2026-04-04",MDS-202604-003,MRP-RUN-202604-07,"2026-03-25 10:00:00",S&OP-平台,Closed,""
MRP00120,MRP-202604-0120,PART-PROP-1755-CF,"1755碳纤维螺旋桨",外购,2280,2462,"2026-04-06","2026-04-16","2026-04-07","2026-04-22","2026-04-03","2026-04-22",滚动计划,采购申请,"2026-04-06",MDS-202604-003,MRP-RUN-202604-09,"2026-03-25 10:00:00",计划专员-王敏,Active,""
MRP00121,MRP-202604-0121,PART-CABLE-ESC-HD,加强型电调线,外购,2280,2462,"2026-04-06","2026-04-18","2026-04-06","2026-04-24","2026-04-01","2026-04-26",正常,采购申请,"2026-04-04",MDS-202604-003,MRP-RUN-202604-06,"2026-03-25 10:00:00",PMC-系统,Active,""
MRP00122,MRP-202604-0122,PART-BAT-6S-10000,"6S10000mAh智能电池",外购,760,760,"2026-04-05","2026-04-22","2026-04-07","2026-04-24","2026-04-02","2026-04-26",已下发,采购申请,"2026-04-06",MDS-202604-003,MRP-RUN-202604-07,"2026-03-25 10:00:00",S&OP-平台,Active,""
MRP00123,MRP-202604-0123,COMP-BAT-MANAGER,双电池管理模块,自制,380,410,"2026-04-05","2026-04-20","2026-04-07","2026-04-22","2026-04-02","2026-04-24",已关闭,生产工单,"2026-04-06",MDS-202604-003,MRP-RUN-202604-07,"2026-03-25 10:00:00",计划专员-王敏,Closed,""
MRP00124,MRP-202604-0124,COMP-BAT-MOUNT,电池固定架,委外,380,410,"2026-04-04","2026-04-18","2026-04-07","2026-04-22","2026-04-01","2026-04-24",滚动计划,委外订单,"2026-04-10",MDS-202604-003,MRP-RUN-202604-08,"2026-03-25 10:00:00",PMC-系统,Active,""
MRP00125,MRP-202604-0125,PART-MCU-STM32H753,STM32H753双核芯片,外购,380,361,"2026-04-05","2026-04-18","2026-04-07","2026-04-26","2026-04-02","2026-04-28",正常,采购申请,"2026-04-06",MDS-202604-003,MRP-RUN-202604-04,"2026-03-25 10:00:00",S&OP-平台,Active,""
MRP00126,MRP-202604-0126,PART-PCB-FC-8L,"8层飞控PCB板",外购,380,410,"2026-04-05","2026-04-22","2026-04-07","2026-04-24","2026-04-03","2026-04-24",已下发,采购申请,"2026-04-04",MDS-202604-003,MRP-RUN-202604-09,"2026-03-25 10:00:00",计划专员-王敏,Active,""
MRP00127,MRP-202604-0127,PART-FPGA-ICE40,ICE40 FPGA,外购,380,410,"2026-04-04","2026-04-22","2026-04-07","2026-04-24","2026-04-03","2026-04-24",已关闭,采购申请,"2026-04-04",MDS-202604-003,MRP-RUN-202604-02,"2026-03-25 10:00:00",PMC-系统,Closed,合并关闭-并单后关闭
MRP00128,MRP-202604-0128,PART-CONN-GH-1.25-10P,GH1.25 10PIN连接器,外购,1520,1520,"2026-04-05","2026-04-20","2026-04-06","2026-04-20","2026-04-03","2026-04-28",滚动计划,采购申请,"2026-04-04",MDS-202604-003,MRP-RUN-202604-03,"2026-03-25 10:00:00",S&OP-平台,Active,""
MRP00129,MRP-202604-0129,RAW-NEODYMIUM,钕铁硼磁性材料,外购,103,111,"2026-04-04","2026-04-22","2026-04-07","2026-04-24","2026-04-02","2026-04-26",正常,采购申请,"2026-04-08",MDS-202604-003,MRP-RUN-202604-01,"2026-03-25 10:00:00",计划专员-王敏,Active,""
MRP00130,MRP-202604-0130,RAW-COPPER-WIRE,铜漆包线,外购,342,369,"2026-04-06","2026-04-16","2026-04-07","2026-04-24","2026-04-01","2026-04-26",已下发,采购申请,"2026-04-10",MDS-202604-003,MRP-RUN-202604-04,"2026-03-25 10:00:00",PMC-系统,Active,""
MRP00131,MRP-202604-0131,RAW-AL-ALLOY,铝合金材料,外购,570,616,"2026-04-04","2026-04-18","2026-04-06","2026-04-22","2026-04-02","2026-04-24",已关闭,采购申请,"2026-04-06",MDS-202604-003,MRP-RUN-202604-04,"2026-03-25 10:00:00",S&OP-平台,Closed,""
MRP00132,MRP-202604-0132,RAW-LIPO-CELL,锂聚合物电芯,外购,266,253,"2026-04-05","2026-04-18","2026-04-07","2026-04-22","2026-04-03","2026-04-24",滚动计划,采购申请,"2026-04-10",MDS-202604-003,MRP-RUN-202604-03,"2026-03-25 10:00:00",计划专员-王敏,Active,""
MRP00133,MRP-202604-0133,PART-PCB-2L,"2层PCB板",外购,380,361,"2026-04-05","2026-04-22","2026-04-05","2026-04-24","2026-04-01","2026-04-26",正常,采购申请,"2026-04-08",MDS-202604-003,MRP-RUN-202604-08,"2026-03-25 10:00:00",PMC-系统,Active,""
MRP00134,MRP-202604-0134,PART-MOSFET-DUAL,双路MOSFET,外购,760,722,"2026-04-05","2026-04-20","2026-04-06","2026-04-22","2026-04-03","2026-04-22",已下发,采购申请,"2026-04-10",MDS-202604-003,MRP-RUN-202604-02,"2026-03-25 10:00:00",S&OP-平台,Active,""
MRP00135,MRP-202604-0135,PART-MCU-STM32F103,STM32F103控制芯片,外购,380,380,"2026-04-06","2026-04-22","2026-04-06","2026-04-26","2026-04-01","2026-04-26",已关闭,采购申请,"2026-04-08",MDS-202604-003,MRP-RUN-202604-05,"2026-03-25 10:00:00",计划专员-王敏,Closed,""
MRP00136,MRP-202604-0136,RAW-SI-WAFER-12IN,"12英寸硅晶圆",外购,0,0,"2026-04-04","2026-04-18","2026-04-05","2026-04-24","2026-04-03","2026-04-26",滚动计划,采购申请,"2026-04-08",MDS-202604-003,MRP-RUN-202604-06,"2026-03-25 10:00:00",PMC-系统,Active,""
MRP00137,MRP-202604-0137,RAW-FR4-CCL,FR4覆铜板,外购,30,33,"2026-04-06","2026-04-18","2026-04-07","2026-04-22","2026-04-02","2026-04-28",正常,采购申请,"2026-04-10",MDS-202604-003,MRP-RUN-202604-04,"2026-03-25 10:00:00",S&OP-平台,Active,""
MRP00138,MRP-202605-0138,ASSY-BODY-IND-01,工业级强化机身总成,自制,600,570,"2026-05-06","2026-05-20","2026-05-07","2026-05-22","2026-05-02","2026-05-22",已下发,生产工单,"2026-05-10",MDS-202605-003,MRP-RUN-202605-07,"2026-03-25 10:00:00",计划专员-王敏,Active,""
MRP00139,MRP-202605-0139,ASSY-FC-RTK,RTK高精度飞控总成,自制,600,648,"2026-05-06","2026-05-16","2026-05-07","2026-05-24","2026-05-03","2026-05-26",已关闭,生产工单,"2026-05-10",MDS-202605-003,MRP-RUN-202605-03,"2026-03-25 10:00:00",PMC-系统,Closed,""
MRP00140,MRP-202605-0140,PART-CAM-FPV,FPV图传相机,外购,600,600,"2026-05-06","2026-05-16","2026-05-07","2026-05-22","2026-05-03","2026-05-28",滚动计划,采购申请,"2026-05-08",MDS-202605-003,MRP-RUN-202605-09,"2026-03-25 10:00:00",S&OP-平台,Active,""
MRP00141,MRP-202605-0141,ASSY-PWR-TQ,高扭矩动力系统总成,委外,600,648,"2026-05-05","2026-05-18","2026-05-07","2026-05-26","2026-05-01","2026-05-28",正常,委外订单,"2026-05-04",MDS-202605-003,MRP-RUN-202605-08,"2026-03-25 10:00:00",计划专员-王敏,Active,""
MRP00142,MRP-202605-0142,ASSY-BAT-DUAL,双电池冗余系统,委外,600,570,"2026-05-06","2026-05-18","2026-05-06","2026-05-24","2026-05-01","2026-05-24",已下发,委外订单,"2026-05-06",MDS-202605-003,MRP-RUN-202605-02,"2026-03-25 10:00:00",PMC-系统,Active,""
MRP00143,MRP-202605-0143,PART-RC-IND,工业遥控器,外购,600,600,"2026-05-06","2026-05-20","2026-05-07","2026-05-20","2026-05-02","2026-05-22",已关闭,采购申请,"2026-05-08",MDS-202605-003,MRP-RUN-202605-08,"2026-03-25 10:00:00",S&OP-平台,Closed,""
MRP00144,MRP-202605-0144,PART-SPRAYER-16L,"16升智能喷洒系统",外购,600,648,"2026-05-04","2026-05-22","2026-05-05","2026-05-24","2026-05-02","2026-05-24",滚动计划,采购申请,"2026-05-10",MDS-202605-003,MRP-RUN-202605-03,"2026-03-25 10:00:00",计划专员-王敏,Active,""
MRP00145,MRP-202605-0145,PART-RADAR-ALT,雷达测高仪,外购,600,600,"2026-05-05","2026-05-22","2026-05-05","2026-05-24","2026-05-02","2026-05-26",正常,采购申请,"2026-05-06",MDS-202605-003,MRP-RUN-202605-01,"2026-03-25 10:00:00",PMC-系统,Active,""
MRP00146,MRP-202605-0146,COMP-FRAME-CF-IND,工业级碳纤维框架,自制,600,648,"2026-05-05","2026-05-20","2026-05-05","2026-05-24","2026-05-02","2026-05-24",已下发,生产工单,"2026-05-10",MDS-202605-003,MRP-RUN-202605-02,"2026-03-25 10:00:00",S&OP-平台,Active,""
MRP00147,MRP-202605-0147,COMP-ARM-CF-TUBE-HD,加强型碳纤维机臂,自制,2400,2400,"2026-05-06","2026-05-16","2026-05-06","2026-05-24","2026-05-03","2026-05-26",已关闭,生产工单,"2026-05-10",MDS-202605-003,MRP-RUN-202605-06,"2026-03-25 10:00:00",计划专员-王敏,Closed,""
MRP00148,MRP-202605-0148,COMP-MOTOR-MOUNT-AL-HD,重载铝合金电机座,委外,2400,2400,"2026-05-06","2026-05-20","2026-05-07","2026-05-22","2026-05-02","2026-05-24",滚动计划,委外订单,"2026-05-10",MDS-202605-003,MRP-RUN-202605-07,"2026-03-25 10:00:00",PMC-系统,Active,""
MRP00149,MRP-202605-0149,COMP-LG-AL-IND,工业铝合金起落架,自制,1200,1200,"2026-05-04","2026-05-22","2026-05-06","2026-05-22","2026-05-02","2026-05-26",正常,生产工单,"2026-05-08",MDS-202605-003,MRP-RUN-202605-04,"2026-03-25 10:00:00",S&OP-平台,Active,""
MRP00150,MRP-202605-0150,PART-SCREW-M4-16,M4x16螺钉,外购,24000,25920,"2026-05-04","2026-05-22","2026-05-06","2026-05-22","2026-05-03","2026-05-26",已下发,采购申请,"2026-05-06",MDS-202605-003,MRP-RUN-202605-01,"2026-03-25 10:00:00",计划专员-王敏,Active,""
MRP00151,MRP-202605-0151,PART-DAMPER-HARD,硬质减震球,外购,2400,2592,"2026-05-04","2026-05-20","2026-05-07","2026-05-22","2026-05-01","2026-05-24",已关闭,采购申请,"2026-05-08",MDS-202605-003,MRP-RUN-202605-01,"2026-03-25 10:00:00",PMC-系统,Closed,""
MRP00152,MRP-202605-0152,COMP-FC-PCB-R1,RTK飞控主板,自制,600,600,"2026-05-05","2026-05-20","2026-05-05","2026-05-26","2026-05-03","2026-05-26",滚动计划,生产工单,"2026-05-06",MDS-202605-003,MRP-RUN-202605-04,"2026-03-25 10:00:00",S&OP-平台,Active,""
MRP00153,MRP-202605-0153,PART-IMU-ADIS16505,ADIS16505工业级IMU,外购,600,570,"2026-05-05","2026-05-22","2026-05-06","2026-05-22","2026-05-03","2026-05-26",正常,采购申请,"2026-05-10",MDS-202605-003,MRP-RUN-202605-01,"2026-03-25 10:00:00",计划专员-王敏,Active,""
MRP00154,MRP-202605-0154,PART-GNSS-RTK-F9P,ZED-F9P RTK定位模块,外购,600,600,"2026-05-05","2026-05-20","2026-05-07","2026-05-24","2026-05-01","2026-05-26",已下发,采购申请,"2026-05-08",MDS-202605-003,MRP-RUN-202605-03,"2026-03-25 10:00:00",PMC-系统,Active,""
MRP00155,MRP-202605-0155,PART-4G-MODULE,"4G通信模块",外购,600,570,"2026-05-04","2026-05-18","2026-05-05","2026-05-20","2026-05-03","2026-05-24",已关闭,采购申请,"2026-05-08",MDS-202605-003,MRP-RUN-202605-03,"2026-03-25 10:00:00",S&OP-平台,Closed,需求取消
MRP00156,MRP-202605-0156,COMP-FC-CASE-AL-IND,工业级铝合金外壳,自制,600,570,"2026-05-06","2026-05-18","2026-05-06","2026-05-26","2026-05-01","2026-05-26",滚动计划,生产工单,"2026-05-08",MDS-202605-003,MRP-RUN-202605-01,"2026-03-25 10:00:00",计划专员-王敏,Active,""
MRP00157,MRP-202605-0157,PART-MOTOR-4114-400KV,"4114 400KV高扭矩电机",外购,3600,3420,"2026-05-06","2026-05-22","2026-05-07","2026-05-24","2026-05-01","2026-05-24",正常,采购申请,"2026-05-10",MDS-202605-003,MRP-RUN-202605-04,"2026-03-25 10:00:00",PMC-系统,Active,""
MRP00158,MRP-202605-0158,PART-ESC-50A-FOC,"50A FOC电调",外购,3600,3420,"2026-05-04","2026-05-20","2026-05-05","2026-05-26","2026-05-01","2026-05-28",已下发,采购申请,"2026-05-04",MDS-202605-003,MRP-RUN-202605-04,"2026-03-25 10:00:00",S&OP-平台,Active,""
MRP00159,MRP-202605-0159,PART-PROP-1755-CF,"1755碳纤维螺旋桨",外购,3600,3888,"2026-05-05","2026-05-18","2026-05-06","2026-05-22","2026-05-02","2026-05-22",已关闭,采购申请,"2026-05-06",MDS-202605-003,MRP-RUN-202605-05,"2026-03-25 10:00:00",计划专员-王敏,Closed,""
MRP00160,MRP-202605-0160,PART-CABLE-ESC-HD,加强型电调线,外购,3600,3420,"2026-05-06","2026-05-18","2026-05-07","2026-05-26","2026-05-03","2026-05-28",滚动计划,采购申请,"2026-05-04",MDS-202605-003,MRP-RUN-202605-02,"2026-03-25 10:00:00",PMC-系统,Active,""
MRP00161,MRP-202605-0161,PART-BAT-6S-10000,"6S10000mAh智能电池",外购,1200,1200,"2026-05-05","2026-05-20","2026-05-05","2026-05-20","2026-05-01","2026-05-22",正常,采购申请,"2026-05-04",MDS-202605-003,MRP-RUN-202605-06,"2026-03-25 10:00:00",S&OP-平台,Active,""
MRP00162,MRP-202605-0162,COMP-BAT-MANAGER,双电池管理模块,自制,600,648,"2026-05-05","2026-05-20","2026-05-07","2026-05-26","2026-05-02","2026-05-28",已下发,生产工单,"2026-05-06",MDS-202605-003,MRP-RUN-202605-01,"2026-03-25 10:00:00",计划专员-王敏,Active,""
MRP00163,MRP-202605-0163,COMP-BAT-MOUNT,电池固定架,自制,600,648,"2026-05-06","2026-05-22","2026-05-07","2026-05-22","2026-05-03","2026-05-22",已关闭,生产工单,"2026-05-04",MDS-202605-003,MRP-RUN-202605-07,"2026-03-25 10:00:00",PMC-系统,Closed,拆分关闭-分单后关闭
MRP00164,MRP-202605-0164,PART-MCU-STM32H753,STM32H753双核芯片,外购,600,648,"2026-05-06","2026-05-22","2026-05-07","2026-05-24","2026-05-02","2026-05-26",滚动计划,采购申请,"2026-05-08",MDS-202605-003,MRP-RUN-202605-09,"2026-03-25 10:00:00",S&OP-平台,Active,""
MRP00165,MRP-202605-0165,PART-PCB-FC-8L,"8层飞控PCB板",外购,600,570,"2026-05-06","2026-05-16","2026-05-06","2026-05-24","2026-05-03","2026-05-26",正常,采购申请,"2026-05-08",MDS-202605-003,MRP-RUN-202605-05,"2026-03-25 10:00:00",计划专员-王敏,Active,""
MRP00166,MRP-202605-0166,PART-FPGA-ICE40,ICE40 FPGA,外购,600,600,"2026-05-06","2026-05-22","2026-05-07","2026-05-22","2026-05-01","2026-05-22",已下发,采购申请,"2026-05-06",MDS-202605-003,MRP-RUN-202605-09,"2026-03-25 10:00:00",PMC-系统,Active,""
MRP00167,MRP-202605-0167,PART-CONN-GH-1.25-10P,GH1.25 10PIN连接器,外购,2400,2400,"2026-05-06","2026-05-16","2026-05-06","2026-05-26","2026-05-02","2026-05-28",已关闭,采购申请,"2026-05-08",MDS-202605-003,MRP-RUN-202605-07,"2026-03-25 10:00:00",S&OP-平台,Closed,""
MRP00168,MRP-202605-0168,RAW-NEODYMIUM,钕铁硼磁性材料,外购,162,162,"2026-05-05","2026-05-16","2026-05-06","2026-05-26","2026-05-03","2026-05-28",滚动计划,采购申请,"2026-05-06",MDS-202605-003,MRP-RUN-202605-06,"2026-03-25 10:00:00",计划专员-王敏,Active,""
MRP00169,MRP-202605-0169,RAW-COPPER-WIRE,铜漆包线,外购,540,540,"2026-05-04","2026-05-16","2026-05-07","2026-05-24","2026-05-01","2026-05-24",正常,采购申请,"2026-05-08",MDS-202605-003,MRP-RUN-202605-04,"2026-03-25 10:00:00",PMC-系统,Active,""
MRP00170,MRP-202605-0170,RAW-AL-ALLOY,铝合金材料,外购,900,900,"2026-05-04","2026-05-22","2026-05-07","2026-05-22","2026-05-03","2026-05-24",已下发,采购申请,"2026-05-06",MDS-202605-003,MRP-RUN-202605-06,"2026-03-25 10:00:00",S&OP-平台,Active,""
MRP00171,MRP-202605-0171,RAW-LIPO-CELL,锂聚合物电芯,外购,420,399,"2026-05-05","2026-05-22","2026-05-06","2026-05-24","2026-05-01","2026-05-28",已关闭,采购申请,"2026-05-10",MDS-202605-003,MRP-RUN-202605-03,"2026-03-25 10:00:00",计划专员-王敏,Closed,""
MRP00172,MRP-202605-0172,PART-PCB-2L,"2层PCB板",外购,600,600,"2026-05-04","2026-05-16","2026-05-07","2026-05-22","2026-05-03","2026-05-24",滚动计划,采购申请,"2026-05-08",MDS-202605-003,MRP-RUN-202605-09,"2026-03-25 10:00:00",PMC-系统,Active,""
MRP00173,MRP-202605-0173,PART-MOSFET-DUAL,双路MOSFET,外购,1200,1200,"2026-05-06","2026-05-22","2026-05-07","2026-05-22","2026-05-02","2026-05-22",正常,采购申请,"2026-05-06",MDS-202605-003,MRP-RUN-202605-09,"2026-03-25 10:00:00",S&OP-平台,Active,""
MRP00174,MRP-202605-0174,PART-MCU-STM32F103,STM32F103控制芯片,外购,600,570,"2026-05-05","2026-05-16","2026-05-06","2026-05-26","2026-05-02","2026-05-26",已下发,采购申请,"2026-05-10",MDS-202605-003,MRP-RUN-202605-01,"2026-03-25 10:00:00",计划专员-王敏,Active,""
MRP00175,MRP-202605-0175,RAW-SI-WAFER-12IN,"12英寸硅晶圆",外购,0,0,"2026-05-06","2026-05-16","2026-05-07","2026-05-24","2026-05-01","2026-05-26",已关闭,采购申请,"2026-05-08",MDS-202605-003,MRP-RUN-202605-04,"2026-03-25 10:00:00",PMC-系统,Closed,""
MRP00176,MRP-202605-0176,RAW-FR4-CCL,FR4覆铜板,外购,48,48,"2026-05-04","2026-05-22","2026-05-06","2026-05-26","2026-05-01","2026-05-28",滚动计划,采购申请,"2026-05-04",MDS-202605-003,MRP-RUN-202605-01,"2026-03-25 10:00:00",S&OP-平台,Active,""
MRP00195,MRP-202509-0195,PART-SPRAYER-20L,"20升智能喷洒系统",外购,24453,24453,"2025-09-12","2025-09-30","2025-09-12","2025-09-30","2025-09-09","2025-09-30",正常,采购申请,"2025-09-14",MDS-202510-101,MRP-RUN-202604-02,"2025-09-09 08:00:00",PMC-系统,Active,""
MRP00196,MRP-202509-0196,PART-RADAR-ALT,雷达测高仪,外购,24453,24453,"2025-09-04","2025-09-16","2025-09-04","2025-09-16","2025-09-04","2025-09-16",已关闭,采购申请,"2025-09-13",MDS-202510-101,MRP-RUN-202604-08,"2025-09-09 08:00:00",S&OP-平台,Closed,""
MRP00197,MRP-202509-0197,RAW-FR4-CCL,FR4覆铜板,外购,2178,2178,"2025-09-06","2025-09-26","2025-09-06","2025-09-26","2025-09-06","2025-09-26",滚动计划,采购申请,"2025-09-11",MDS-202510-101,MRP-RUN-202604-06,"2025-09-09 08:00:00",计划专员-王敏,Active,""
MRP00198,MRP-202509-0198,ASSY-PWR-TQ,高扭矩动力系统总成,自制,24453,24453,"2025-09-12","2025-09-26","2025-09-12","2025-09-26","2025-09-09","2025-09-26",已关闭,生产工单,"2025-09-12",MDS-202510-101,MRP-RUN-202604-03,"2025-09-09 08:00:00",PMC-系统,Closed,""
MRP00199,MRP-202509-0199,PART-IMU-ADIS16505,ADIS16505工业级IMU,外购,27819,27819,"2025-09-09","2025-09-18","2025-09-09","2025-09-18","2025-09-09","2025-09-18",已关闭,采购申请,"2025-09-14",MDS-202510-101,MRP-RUN-202604-04,"2025-09-09 08:00:00",PMC-系统,Closed,""
MRP00200,MRP-202509-0200,PART-PROP-1755-CF,"1755碳纤维螺旋桨",外购,146718,146718,"2025-09-08","2025-09-24","2025-09-08","2025-09-24","2025-09-08","2025-09-24",已关闭,采购申请,"2025-09-11",MDS-202510-101,MRP-RUN-202604-05,"2025-09-09 08:00:00",PMC-系统,Closed,""
MRP00201,MRP-202509-0201,RAW-LIPO-CELL,锂聚合物电芯,外购,58707,58707,"2025-09-07","2025-09-18","2025-09-07","2025-09-18","2025-09-07","2025-09-18",已关闭,采购申请,"2025-09-10",MDS-202510-101,MRP-RUN-202604-03,"2025-09-09 08:00:00",计划专员-王敏,Closed,""
MRP00202,MRP-202509-0202,PART-PCB-FC-8L,"8层飞控PCB板",外购,25740,25740,"2025-09-07","2025-09-26","2025-09-07","2025-09-26","2025-09-07","2025-09-26",已下发,采购申请,"2025-09-13",MDS-202510-101,MRP-RUN-202604-01,"2025-09-09 08:00:00",S&OP-平台,Active,""
MRP00203,MRP-202509-0203,RAW-SI-WAFER-12IN,"12英寸硅晶圆",外购,10,10,"2025-09-13","2025-10-02","2025-09-13","2025-10-02","2025-09-09","2025-10-02",已下发,采购申请,"2025-09-10",MDS-202510-101,MRP-RUN-202604-01,"2025-09-09 08:00:00",S&OP-平台,Active,""
MRP00204,MRP-202509-0204,PART-BAT-12S-16000,"12S16000mAh工业电池",外购,55638,55638,"2025-09-05","2025-09-25","2025-09-05","2025-09-25","2025-09-05","2025-09-25",正常,采购申请,"2025-09-11",MDS-202510-101,MRP-RUN-202604-03,"2025-09-09 08:00:00",S&OP-平台,Active,""
MRP00205,MRP-202509-0205,PART-CAM-FPV,FPV图传相机,外购,40040,40040,"2025-09-03","2025-09-23","2025-09-03","2025-09-23","2025-09-03","2025-09-23",已关闭,采购申请,"2025-09-13",MDS-202510-102,MRP-RUN-202604-02,"2025-09-08 08:00:00",计划专员-王敏,Closed,""
MRP00206,MRP-202509-0206,ASSY-PWR-TQ,高扭矩动力系统总成,自制,38038,38038,"2025-09-12","2025-09-28","2025-09-12","2025-09-28","2025-09-08","2025-09-28",已关闭,生产工单,"2025-09-10",MDS-202510-102,MRP-RUN-202604-03,"2025-09-08 08:00:00",PMC-系统,Closed,""
MRP00207,MRP-202509-0207,PART-MCU-STM32H753,STM32H753双核芯片,外购,43274,43274,"2025-09-12","2025-09-27","2025-09-12","2025-09-27","2025-09-08","2025-09-27",已关闭,采购申请,"2025-09-10",MDS-202510-102,MRP-RUN-202604-08,"2025-09-08 08:00:00",PMC-系统,Closed,""
MRP00208,MRP-202509-0208,PART-ESC-50A-FOC,"50A FOC电调",外购,259490,259490,"2025-09-09","2025-09-17","2025-09-09","2025-09-17","2025-09-08","2025-09-17",已关闭,采购申请,"2025-09-09",MDS-202510-102,MRP-RUN-202604-02,"2025-09-08 08:00:00",计划专员-王敏,Closed,""
MRP00209,MRP-202509-0209,RAW-FR4-CCL,FR4覆铜板,外购,3388,3388,"2025-09-10","2025-09-28","2025-09-10","2025-09-28","2025-09-08","2025-09-28",已关闭,采购申请,"2025-09-11",MDS-202510-102,MRP-RUN-202604-06,"2025-09-08 08:00:00",计划专员-王敏,Closed,""
MRP00210,MRP-202509-0210,RAW-LIPO-CELL,锂聚合物电芯,外购,91322,91322,"2025-09-09","2025-09-18","2025-09-09","2025-09-18","2025-09-08","2025-09-18",已下发,采购申请,"2025-09-13",MDS-202510-102,MRP-RUN-202604-03,"2025-09-08 08:00:00",计划专员-王敏,Active,""
MRP00211,MRP-202509-0211,RAW-SI-WAFER-12IN,"12英寸硅晶圆",外购,10,10,"2025-09-12","2025-10-01","2025-09-12","2025-10-01","2025-09-08","2025-10-01",已关闭,采购申请,"2025-09-09",MDS-202510-102,MRP-RUN-202604-01,"2025-09-08 08:00:00",S&OP-平台,Closed,""
MRP00212,MRP-202509-0212,COMP-FC-PCB-R1,RTK飞控主板,自制,40040,40040,"2025-09-13","2025-09-28","2025-09-13","2025-09-28","2025-09-08","2025-09-28",滚动计划,生产工单,"2025-09-09",MDS-202510-102,MRP-RUN-202604-05,"2025-09-08 08:00:00",计划专员-王敏,Active,""
MRP00213,MRP-202509-0213,RAW-COPPER-WIRE,铜漆包线,外购,38962,38962,"2025-09-05","2025-09-17","2025-09-05","2025-09-17","2025-09-05","2025-09-17",已下发,采购申请,"2025-09-09",MDS-202510-102,MRP-RUN-202604-01,"2025-09-08 08:00:00",计划专员-王敏,Active,""
MRP00214,MRP-202509-0214,PART-CONN-GH-1.25-10P,GH1.25 10PIN连接器,外购,152152,152152,"2025-09-03","2025-09-18","2025-09-03","2025-09-18","2025-09-03","2025-09-18",已下发,采购申请,"2025-09-12",MDS-202510-102,MRP-RUN-202604-02,"2025-09-08 08:00:00",PMC-系统,Active,""
MRP00215,MRP-202509-0215,PART-FPGA-ICE40,ICE40 FPGA,外购,38038,38038,"2025-09-12","2025-09-20","2025-09-12","2025-09-20","2025-09-08","2025-09-20",已关闭,采购申请,"2025-09-12",MDS-202510-102,MRP-RUN-202604-03,"2025-09-08 08:00:00",计划专员-王敏,Closed,""
MRP00216,MRP-202509-0216,PART-4G-MODULE,"4G通信模块",外购,40040,40040,"2025-09-05","2025-09-25","2025-09-05","2025-09-25","2025-09-05","2025-09-25",滚动计划,采购申请,"2025-09-09",MDS-202510-102,MRP-RUN-202604-08,"2025-09-08 08:00:00",计划专员-王敏,Active,""
MRP00217,MRP-202509-0217,RAW-AL-ALLOY,铝合金材料,外购,60060,60060,"2025-09-03","2025-09-14","2025-09-03","2025-09-14","2025-09-03","2025-09-14",已关闭,采购申请,"2025-09-12",MDS-202510-102,MRP-RUN-202604-07,"2025-09-08 08:00:00",PMC-系统,Closed,""
MRP00218,MRP-202509-0218,PART-PCB-FC-8L,"8层飞控PCB板",外购,40040,40040,"2025-09-04","2025-09-18","2025-09-04","2025-09-18","2025-09-04","2025-09-18",已关闭,采购申请,"2025-09-09",MDS-202510-102,MRP-RUN-202604-01,"2025-09-08 08:00:00",S&OP-平台,Closed,""
MRP00219,MRP-202509-0219,COMP-FC-PCB-R1,RTK飞控主板,自制,17680,17680,"2025-09-09","2025-09-27","2025-09-09","2025-09-27","2025-09-09","2025-09-27",已下发,生产工单,"2025-09-15",MDS-202510-103,MRP-RUN-202604-05,"2025-09-11 08:00:00",计划专员-王敏,Active,""
MRP00220,MRP-202509-0220,PART-SPRAYER-20L,"20升智能喷洒系统",外购,16796,16796,"2025-09-15","2025-10-04","2025-09-15","2025-10-04","2025-09-11","2025-10-04",正常,采购申请,"2025-09-16",MDS-202510-103,MRP-RUN-202604-02,"2025-09-11 08:00:00",PMC-系统,Active,""
MRP00221,MRP-202509-0221,RAW-AL-ALLOY,铝合金材料,外购,26520,26520,"2025-09-12","2025-09-27","2025-09-12","2025-09-27","2025-09-11","2025-09-27",已下发,采购申请,"2025-09-14",MDS-202510-103,MRP-RUN-202604-07,"2025-09-11 08:00:00",PMC-系统,Active,""
MRP00222,MRP-202509-0222,PART-CAM-FPV,FPV图传相机,外购,17680,17680,"2025-09-15","2025-09-24","2025-09-15","2025-09-24","2025-09-11","2025-09-24",已关闭,采购申请,"2025-09-16",MDS-202510-103,MRP-RUN-202604-02,"2025-09-11 08:00:00",计划专员-王敏,Closed,""
MRP00223,MRP-202509-0223,PART-RC-IND,工业遥控器,外购,17680,17680,"2025-09-12","2025-09-24","2025-09-12","2025-09-24","2025-09-11","2025-09-24",已下发,采购申请,"2025-09-14",MDS-202510-103,MRP-RUN-202604-01,"2025-09-11 08:00:00",计划专员-王敏,Active,""
MRP00224,MRP-202509-0224,RAW-NEODYMIUM,钕铁硼磁性材料,外购,4760,4760,"2025-09-10","2025-09-25","2025-09-10","2025-09-25","2025-09-10","2025-09-25",滚动计划,采购申请,"2025-09-13",MDS-202510-103,MRP-RUN-202604-05,"2025-09-11 08:00:00",S&OP-平台,Active,""
MRP00225,MRP-202509-0225,PART-BAT-12S-16000,"12S16000mAh工业电池",外购,38216,38216,"2025-09-06","2025-09-23","2025-09-06","2025-09-23","2025-09-06","2025-09-23",已关闭,采购申请,"2025-09-12",MDS-202510-103,MRP-RUN-202604-03,"2025-09-11 08:00:00",S&OP-平台,Closed,""
MRP00226,MRP-202509-0226,PART-FRAME-HEX-CF,六轴碳纤维机架,外购,17680,17680,"2025-09-06","2025-09-14","2025-09-06","2025-09-14","2025-09-06","2025-09-14",正常,采购申请,"2025-09-13",MDS-202510-103,MRP-RUN-202604-07,"2025-09-11 08:00:00",PMC-系统,Active,""
MRP00227,MRP-202509-0227,ASSY-FC-RTK,RTK高精度飞控总成,委外,16796,16796,"2025-09-06","2025-09-15","2025-09-06","2025-09-15","2025-09-06","2025-09-15",正常,委外订单,"2025-09-12",MDS-202510-103,MRP-RUN-202604-05,"2025-09-11 08:00:00",S&OP-平台,Active,""
MRP00228,MRP-202509-0228,PART-CONN-GH-1.25-10P,GH1.25 10PIN连接器,外购,138320,138320,"2025-09-07","2025-09-23","2025-09-07","2025-09-23","2025-09-05","2025-09-23",正常,采购申请,"2025-09-09",MDS-202510-104,MRP-RUN-202604-02,"2025-09-05 08:00:00",PMC-系统,Active,""
MRP00229,MRP-202509-0229,PART-CAM-FPV,FPV图传相机,外购,36400,36400,"2025-09-03","2025-09-21","2025-09-03","2025-09-21","2025-09-03","2025-09-21",已关闭,采购申请,"2025-09-08",MDS-202510-104,MRP-RUN-202604-02,"2025-09-05 08:00:00",计划专员-王敏,Closed,""
MRP00230,MRP-202509-0230,RAW-AL-ALLOY,铝合金材料,外购,54600,54600,"2025-09-04","2025-09-13","2025-09-04","2025-09-13","2025-09-04","2025-09-13",滚动计划,采购申请,"2025-09-10",MDS-202510-104,MRP-RUN-202604-07,"2025-09-05 08:00:00",PMC-系统,Active,""
MRP00231,MRP-202509-0231,PART-MOTOR-4114-400KV,"4114 400KV高扭矩电机",外购,207480,207480,"2025-09-05","2025-09-18","2025-09-05","2025-09-18","2025-09-05","2025-09-18",已关闭,采购申请,"2025-09-08",MDS-202510-104,MRP-RUN-202604-03,"2025-09-05 08:00:00",S&OP-平台,Closed,""
MRP00232,MRP-202509-0232,PART-RC-IND,工业遥控器,外购,36400,36400,"2025-09-05","2025-09-25","2025-09-05","2025-09-25","2025-09-05","2025-09-25",正常,采购申请,"2025-09-09",MDS-202510-104,MRP-RUN-202604-01,"2025-09-05 08:00:00",计划专员-王敏,Active,""
MRP00233,MRP-202509-0233,ASSY-PWR-TQ,高扭矩动力系统总成,自制,34580,34580,"2025-09-10","2025-09-26","2025-09-10","2025-09-26","2025-09-05","2025-09-26",已关闭,生产工单,"2025-09-10",MDS-202510-104,MRP-RUN-202604-03,"2025-09-05 08:00:00",PMC-系统,Closed,""
MRP00234,MRP-202509-0234,COMP-FC-CASE-AL-IND,工业级铝合金外壳,委外,39340,39340,"2025-09-08","2025-09-22","2025-09-08","2025-09-22","2025-09-05","2025-09-22",滚动计划,委外订单,"2025-09-08",MDS-202510-104,MRP-RUN-202604-09,"2025-09-05 08:00:00",PMC-系统,Active,""
MRP00235,MRP-202509-0235,PART-IMU-ADIS16505,ADIS16505工业级IMU,外购,39340,39340,"2025-09-06","2025-09-25","2025-09-06","2025-09-25","2025-09-05","2025-09-25",已下发,采购申请,"2025-09-08",MDS-202510-104,MRP-RUN-202604-04,"2025-09-05 08:00:00",PMC-系统,Active,""
MRP00236,MRP-202509-0236,PART-ESC-50A-FOC,"50A FOC电调",外购,235900,235900,"2025-09-01","2025-09-13","2025-09-01","2025-09-13","2025-09-01","2025-09-13",正常,采购申请,"2025-09-06",MDS-202510-104,MRP-RUN-202604-02,"2025-09-05 08:00:00",计划专员-王敏,Active,""
MRP00237,MRP-202509-0237,PART-4G-MODULE,"4G通信模块",外购,8320,8320,"2025-09-06","2025-09-22","2025-09-06","2025-09-22","2025-09-06","2025-09-22",已关闭,采购申请,"2025-09-16",MDS-202510-105,MRP-RUN-202604-08,"2025-09-11 08:00:00",计划专员-王敏,Closed,""
MRP00238,MRP-202509-0238,RAW-SI-WAFER-12IN,"12英寸硅晶圆",外购,10,10,"2025-09-07","2025-09-25","2025-09-07","2025-09-25","2025-09-07","2025-09-25",正常,采购申请,"2025-09-13",MDS-202510-105,MRP-RUN-202604-01,"2025-09-11 08:00:00",S&OP-平台,Active,""
MRP00239,MRP-202509-0239,RAW-NEODYMIUM,钕铁硼磁性材料,外购,2240,2240,"2025-09-10","2025-09-30","2025-09-10","2025-09-30","2025-09-10","2025-09-30",已关闭,采购申请,"2025-09-14",MDS-202510-105,MRP-RUN-202604-05,"2025-09-11 08:00:00",S&OP-平台,Closed,""
MRP00240,MRP-202509-0240,ASSY-FC-RTK,RTK高精度飞控总成,委外,7904,7904,"2025-09-06","2025-09-24","2025-09-06","2025-09-24","2025-09-06","2025-09-24",已下发,委外订单,"2025-09-16",MDS-202510-105,MRP-RUN-202604-05,"2025-09-11 08:00:00",S&OP-平台,Active,""
MRP00241,MRP-202509-0241,PART-SPRAYER-20L,"20升智能喷洒系统",外购,7904,7904,"2025-09-15","2025-09-29","2025-09-15","2025-09-29","2025-09-11","2025-09-29",已关闭,采购申请,"2025-09-14",MDS-202510-105,MRP-RUN-202604-02,"2025-09-11 08:00:00",PMC-系统,Closed,""
MRP00242,MRP-202509-0242,PART-MCU-STM32H753,STM32H753双核芯片,外购,8992,8992,"2025-09-07","2025-09-20","2025-09-07","2025-09-20","2025-09-07","2025-09-20",已关闭,采购申请,"2025-09-16",MDS-202510-105,MRP-RUN-202604-08,"2025-09-11 08:00:00",PMC-系统,Closed,""
MRP00243,MRP-202509-0243,PART-PCB-FC-8L,"8层飞控PCB板",外购,8320,8320,"2025-09-06","2025-09-14","2025-09-06","2025-09-14","2025-09-06","2025-09-14",已关闭,采购申请,"2025-09-13",MDS-202510-105,MRP-RUN-202604-01,"2025-09-11 08:00:00",S&OP-平台,Closed,""
MRP00244,MRP-202509-0244,RAW-LIPO-CELL,锂聚合物电芯,外购,18976,18976,"2025-09-13","2025-09-27","2025-09-13","2025-09-27","2025-09-11","2025-09-27",滚动计划,采购申请,"2025-09-16",MDS-202510-105,MRP-RUN-202604-03,"2025-09-11 08:00:00",计划专员-王敏,Active,""
MRP00245,MRP-202509-0245,PART-CONN-GH-1.25-10P,GH1.25 10PIN连接器,外购,31616,31616,"2025-09-07","2025-09-21","2025-09-07","2025-09-21","2025-09-07","2025-09-21",已关闭,采购申请,"2025-09-12",MDS-202510-105,MRP-RUN-202604-02,"2025-09-11 08:00:00",PMC-系统,Closed,""
MRP00246,MRP-202509-0246,RAW-AL-ALLOY,铝合金材料,外购,22620,22620,"2025-09-08","2025-09-24","2025-09-08","2025-09-24","2025-09-08","2025-09-24",正常,采购申请,"2025-09-17",MDS-202510-S001-A,MRP-RUN-202604-07,"2025-09-13 08:00:00",PMC-系统,Active,""
MRP00247,MRP-202509-0247,PART-BAT-12S-16000,"12S16000mAh工业电池",外购,32596,32596,"2025-09-16","2025-10-05","2025-09-16","2025-10-05","2025-09-13","2025-10-05",已关闭,采购申请,"2025-09-15",MDS-202510-S001-A,MRP-RUN-202604-03,"2025-09-13 08:00:00",S&OP-平台,Closed,""
MRP00248,MRP-202509-0248,ASSY-FC-RTK,RTK高精度飞控总成,委外,14326,14326,"2025-09-15","2025-09-26","2025-09-15","2025-09-26","2025-09-13","2025-09-26",已下发,委外订单,"2025-09-18",MDS-202510-S001-A,MRP-RUN-202604-05,"2025-09-13 08:00:00",S&OP-平台,Active,""
MRP00249,MRP-202509-0249,PART-FPGA-ICE40,ICE40 FPGA,外购,14326,14326,"2025-09-13","2025-09-26","2025-09-13","2025-09-26","2025-09-13","2025-09-26",已关闭,采购申请,"2025-09-15",MDS-202510-S001-A,MRP-RUN-202604-03,"2025-09-13 08:00:00",计划专员-王敏,Closed,""
MRP00250,MRP-202509-0250,COMP-FC-PCB-R1,RTK飞控主板,自制,15080,15080,"2025-09-11","2025-09-26","2025-09-11","2025-09-26","2025-09-11","2025-09-26",已下发,生产工单,"2025-09-17",MDS-202510-S001-A,MRP-RUN-202604-05,"2025-09-13 08:00:00",计划专员-王敏,Active,""
MRP00251,MRP-202509-0251,PART-PCB-FC-8L,"8层飞控PCB板",外购,15080,15080,"2025-09-17","2025-10-01","2025-09-17","2025-10-01","2025-09-13","2025-10-01",正常,采购申请,"2025-09-18",MDS-202510-S001-A,MRP-RUN-202604-01,"2025-09-13 08:00:00",S&OP-平台,Active,""
MRP00252,MRP-202509-0252,RAW-NEODYMIUM,钕铁硼磁性材料,外购,4060,4060,"2025-09-11","2025-09-25","2025-09-11","2025-09-25","2025-09-11","2025-09-25",正常,采购申请,"2025-09-14",MDS-202510-S001-A,MRP-RUN-202604-05,"2025-09-13 08:00:00",S&OP-平台,Active,""
MRP00253,MRP-202509-0253,PART-RC-IND,工业遥控器,外购,15080,15080,"2025-09-11","2025-10-01","2025-09-11","2025-10-01","2025-09-11","2025-10-01",已下发,采购申请,"2025-09-16",MDS-202510-S001-A,MRP-RUN-202604-01,"2025-09-13 08:00:00",计划专员-王敏,Active,""
MRP00254,MRP-202509-0254,RAW-LIPO-CELL,锂聚合物电芯,外购,34394,34394,"2025-09-18","2025-10-06","2025-09-18","2025-10-06","2025-09-13","2025-10-06",已下发,采购申请,"2025-09-16",MDS-202510-S001-A,MRP-RUN-202604-03,"2025-09-13 08:00:00",计划专员-王敏,Active,""
MRP00255,MRP-202509-0255,PART-CAM-FPV,FPV图传相机,外购,15080,15080,"2025-09-18","2025-10-02","2025-09-18","2025-10-02","2025-09-13","2025-10-02",已关闭,采购申请,"2025-09-18",MDS-202510-S001-A,MRP-RUN-202604-02,"2025-09-13 08:00:00",计划专员-王敏,Closed,""
MRP00256,MRP-202509-0256,PART-MCU-STM32H753,STM32H753双核芯片,外购,16298,16298,"2025-09-16","2025-09-29","2025-09-16","2025-09-29","2025-09-13","2025-09-29",滚动计划,采购申请,"2025-09-15",MDS-202510-S001-A,MRP-RUN-202604-08,"2025-09-13 08:00:00",PMC-系统,Active,""
MRP00257,MRP-202509-0257,RAW-SI-WAFER-12IN,"12英寸硅晶圆",外购,10,10,"2025-09-08","2025-09-23","2025-09-08","2025-09-23","2025-09-08","2025-09-23",已关闭,采购申请,"2025-09-10",MDS-202510-S001-B,MRP-RUN-202604-01,"2025-09-09 08:00:00",S&OP-平台,Closed,""
MRP00258,MRP-202509-0258,PART-RADAR-ALT,雷达测高仪,外购,14573,14573,"2025-09-11","2025-09-28","2025-09-11","2025-09-28","2025-09-09","2025-09-28",正常,采购申请,"2025-09-10",MDS-202510-S001-B,MRP-RUN-202604-08,"2025-09-09 08:00:00",S&OP-平台,Active,""
MRP00259,MRP-202509-0259,PART-RC-IND,工业遥控器,外购,15340,15340,"2025-09-08","2025-09-20","2025-09-08","2025-09-20","2025-09-08","2025-09-20",已关闭,采购申请,"2025-09-10",MDS-202510-S001-B,MRP-RUN-202604-01,"2025-09-09 08:00:00",计划专员-王敏,Closed,""
MRP00260,MRP-202509-0260,PART-4G-MODULE,"4G通信模块",外购,15340,15340,"2025-09-08","2025-09-25","2025-09-08","2025-09-25","2025-09-08","2025-09-25",已关闭,采购申请,"2025-09-13",MDS-202510-S001-B,MRP-RUN-202604-08,"2025-09-09 08:00:00",计划专员-王敏,Closed,""
MRP00261,MRP-202509-0261,PART-CONN-GH-1.25-10P,GH1.25 10PIN连接器,外购,58292,58292,"2025-09-12","2025-09-28","2025-09-12","2025-09-28","2025-09-09","2025-09-28",已下发,采购申请,"2025-09-13",MDS-202510-S001-B,MRP-RUN-202604-02,"2025-09-09 08:00:00",PMC-系统,Active,""
MRP00262,MRP-202509-0262,PART-BAT-12S-16000,"12S16000mAh工业电池",外购,33158,33158,"2025-09-10","2025-09-30","2025-09-10","2025-09-30","2025-09-09","2025-09-30",已关闭,采购申请,"2025-09-13",MDS-202510-S001-B,MRP-RUN-202604-03,"2025-09-09 08:00:00",S&OP-平台,Closed,""
MRP00263,MRP-202509-0263,COMP-FC-PCB-R1,RTK飞控主板,自制,15340,15340,"2025-09-12","2025-09-25","2025-09-12","2025-09-25","2025-09-09","2025-09-25",已关闭,生产工单,"2025-09-13",MDS-202510-S001-B,MRP-RUN-202604-05,"2025-09-09 08:00:00",计划专员-王敏,Closed,""
MRP00264,MRP-202509-0264,PART-CABLE-ESC-HD,加强型电调线,外购,87438,87438,"2025-09-10","2025-09-20","2025-09-10","2025-09-20","2025-09-09","2025-09-20",已关闭,采购申请,"2025-09-13",MDS-202510-S001-B,MRP-RUN-202604-05,"2025-09-09 08:00:00",S&OP-平台,Closed,""
MRP00265,MRP-202509-0265,PART-ESC-50A-FOC,"50A FOC电调",外购,99415,99415,"2025-09-12","2025-09-26","2025-09-12","2025-09-26","2025-09-09","2025-09-26",已下发,采购申请,"2025-09-12",MDS-202510-S001-B,MRP-RUN-202604-02,"2025-09-09 08:00:00",计划专员-王敏,Active,""
MRP00266,MRP-202509-0266,PART-IMU-ADIS16505,ADIS16505工业级IMU,外购,16579,16579,"2025-09-04","2025-09-21","2025-09-04","2025-09-21","2025-09-04","2025-09-21",已下发,采购申请,"2025-09-12",MDS-202510-S001-B,MRP-RUN-202604-04,"2025-09-09 08:00:00",PMC-系统,Active,""
MRP00267,MRP-202509-0267,PART-ESC-50A-FOC,"50A FOC电调",外购,129745,129745,"2025-09-06","2025-09-16","2025-09-06","2025-09-16","2025-09-06","2025-09-16",已关闭,采购申请,"2025-09-10",MDS-202510-S002-A,MRP-RUN-202604-02,"2025-09-06 08:00:00",计划专员-王敏,Closed,""
MRP00268,MRP-202509-0268,PART-CONN-GH-1.25-10P,GH1.25 10PIN连接器,外购,76076,76076,"2025-09-03","2025-09-13","2025-09-03","2025-09-13","2025-09-03","2025-09-13",已关闭,采购申请,"2025-09-10",MDS-202510-S002-A,MRP-RUN-202604-02,"2025-09-06 08:00:00",PMC-系统,Closed,""
MRP00269,MRP-202509-0269,PART-MCU-STM32H753,STM32H753双核芯片,外购,21637,21637,"2025-09-10","2025-09-22","2025-09-10","2025-09-22","2025-09-06","2025-09-22",已下发,采购申请,"2025-09-09",MDS-202510-S002-A,MRP-RUN-202604-08,"2025-09-06 08:00:00",PMC-系统,Active,""
MRP00270,MRP-202509-0270,PART-FRAME-HEX-CF,六轴碳纤维机架,外购,20020,20020,"2025-09-02","2025-09-20","2025-09-02","2025-09-20","2025-09-02","2025-09-20",已下发,采购申请,"2025-09-08",MDS-202510-S002-A,MRP-RUN-202604-07,"2025-09-06 08:00:00",PMC-系统,Active,""
MRP00271,MRP-202509-0271,RAW-AL-ALLOY,铝合金材料,外购,30030,30030,"2025-09-03","2025-09-16","2025-09-03","2025-09-16","2025-09-03","2025-09-16",已关闭,采购申请,"2025-09-07",MDS-202510-S002-A,MRP-RUN-202604-07,"2025-09-06 08:00:00",PMC-系统,Closed,""
MRP00272,MRP-202509-0272,PART-CAM-FPV,FPV图传相机,外购,20020,20020,"2025-09-08","2025-09-25","2025-09-08","2025-09-25","2025-09-06","2025-09-25",已关闭,采购申请,"2025-09-11",MDS-202510-S002-A,MRP-RUN-202604-02,"2025-09-06 08:00:00",计划专员-王敏,Closed,""
MRP00273,MRP-202509-0273,COMP-FC-CASE-AL-IND,工业级铝合金外壳,委外,21637,21637,"2025-09-11","2025-09-25","2025-09-11","2025-09-25","2025-09-06","2025-09-25",已关闭,委外订单,"2025-09-08",MDS-202510-S002-A,MRP-RUN-202604-09,"2025-09-06 08:00:00",PMC-系统,Closed,""
MRP00274,MRP-202509-0274,PART-GNSS-RTK-F9P,ZED-F9P RTK定位模块,外购,20020,20020,"2025-09-11","2025-09-28","2025-09-11","2025-09-28","2025-09-06","2025-09-28",已关闭,采购申请,"2025-09-10",MDS-202510-S002-A,MRP-RUN-202604-04,"2025-09-06 08:00:00",S&OP-平台,Closed,""
MRP00275,MRP-202509-0275,PART-4G-MODULE,"4G通信模块",外购,20020,20020,"2025-09-02","2025-09-19","2025-09-02","2025-09-19","2025-09-02","2025-09-19",已关闭,采购申请,"2025-09-07",MDS-202510-S002-A,MRP-RUN-202604-08,"2025-09-06 08:00:00",计划专员-王敏,Closed,""
MRP00276,MRP-202509-0276,COMP-FC-PCB-R1,RTK飞控主板,自制,20020,20020,"2025-09-02","2025-09-10","2025-09-02","2025-09-10","2025-09-02","2025-09-10",已关闭,生产工单,"2025-09-09",MDS-202510-S002-A,MRP-RUN-202604-05,"2025-09-06 08:00:00",计划专员-王敏,Closed,""
MRP00277,MRP-202509-0277,ASSY-PWR-TQ,高扭矩动力系统总成,自制,19019,19019,"2025-09-08","2025-09-23","2025-09-08","2025-09-23","2025-09-06","2025-09-23",已下发,生产工单,"2025-09-10",MDS-202510-S002-A,MRP-RUN-202604-03,"2025-09-06 08:00:00",PMC-系统,Active,""
MRP00278,MRP-202509-0278,RAW-NEODYMIUM,钕铁硼磁性材料,外购,5390,5390,"2025-09-09","2025-09-18","2025-09-09","2025-09-18","2025-09-06","2025-09-18",滚动计划,采购申请,"2025-09-08",MDS-202510-S002-A,MRP-RUN-202604-05,"2025-09-06 08:00:00",S&OP-平台,Active,""
MRP00279,MRP-202509-0279,PART-CABLE-ESC-HD,加强型电调线,外购,114114,114114,"2025-09-03","2025-09-15","2025-09-03","2025-09-15","2025-09-03","2025-09-15",已下发,采购申请,"2025-09-08",MDS-202510-S002-B,MRP-RUN-202604-05,"2025-09-05 08:00:00",S&OP-平台,Active,""
MRP00280,MRP-202509-0280,PART-RADAR-ALT,雷达测高仪,外购,19019,19019,"2025-08-31","2025-09-19","2025-08-31","2025-09-19","2025-08-31","2025-09-19",已下发,采购申请,"2025-09-10",MDS-202510-S002-B,MRP-RUN-202604-08,"2025-09-05 08:00:00",S&OP-平台,Active,""
MRP00281,MRP-202509-0281,PART-MCU-STM32H753,STM32H753双核芯片,外购,21637,21637,"2025-09-01","2025-09-17","2025-09-01","2025-09-17","2025-09-01","2025-09-17",已关闭,采购申请,"2025-09-08",MDS-202510-S002-B,MRP-RUN-202604-08,"2025-09-05 08:00:00",PMC-系统,Closed,""
MRP00282,MRP-202509-0282,RAW-NEODYMIUM,钕铁硼磁性材料,外购,5390,5390,"2025-09-10","2025-09-25","2025-09-10","2025-09-25","2025-09-05","2025-09-25",正常,采购申请,"2025-09-09",MDS-202510-S002-B,MRP-RUN-202604-05,"2025-09-05 08:00:00",S&OP-平台,Active,""
MRP00283,MRP-202509-0283,ASSY-FC-RTK,RTK高精度飞控总成,委外,19019,19019,"2025-09-03","2025-09-12","2025-09-03","2025-09-12","2025-09-03","2025-09-12",已下发,委外订单,"2025-09-09",MDS-202510-S002-B,MRP-RUN-202604-05,"2025-09-05 08:00:00",S&OP-平台,Active,""
MRP00284,MRP-202509-0284,PART-CONN-GH-1.25-10P,GH1.25 10PIN连接器,外购,76076,76076,"2025-09-07","2025-09-26","2025-09-07","2025-09-26","2025-09-05","2025-09-26",已关闭,采购申请,"2025-09-09",MDS-202510-S002-B,MRP-RUN-202604-02,"2025-09-05 08:00:00",PMC-系统,Closed,""
MRP00285,MRP-202509-0285,RAW-AL-ALLOY,铝合金材料,外购,30030,30030,"2025-09-09","2025-09-24","2025-09-09","2025-09-24","2025-09-05","2025-09-24",已关闭,采购申请,"2025-09-08",MDS-202510-S002-B,MRP-RUN-202604-07,"2025-09-05 08:00:00",PMC-系统,Closed,""
MRP00286,MRP-202509-0286,PART-RC-IND,工业遥控器,外购,20020,20020,"2025-09-02","2025-09-11","2025-09-02","2025-09-11","2025-09-02","2025-09-11",正常,采购申请,"2025-09-09",MDS-202510-S002-B,MRP-RUN-202604-01,"2025-09-05 08:00:00",计划专员-王敏,Active,""
MRP00287,MRP-202509-0287,PART-PCB-FC-8L,"8层飞控PCB板",外购,20020,20020,"2025-09-03","2025-09-15","2025-09-03","2025-09-15","2025-09-03","2025-09-15",滚动计划,采购申请,"2025-09-10",MDS-202510-S002-B,MRP-RUN-202604-01,"2025-09-05 08:00:00",S&OP-平台,Active,""
MRP00288,MRP-202509-0288,RAW-LIPO-CELL,锂聚合物电芯,外购,45661,45661,"2025-09-05","2025-09-24","2025-09-05","2025-09-24","2025-09-05","2025-09-24",已下发,采购申请,"2025-09-08",MDS-202510-S002-B,MRP-RUN-202604-03,"2025-09-05 08:00:00",计划专员-王敏,Active,""
MRP00289,MRP-202509-0289,RAW-COPPER-WIRE,铜漆包线,外购,7590,7590,"2025-09-02","2025-09-13","2025-09-02","2025-09-13","2025-09-02","2025-09-13",正常,采购申请,"2025-09-10",MDS-202510-S003-A,MRP-RUN-202604-01,"2025-09-06 08:00:00",计划专员-王敏,Active,""
MRP00290,MRP-202509-0290,PART-GNSS-RTK-F9P,ZED-F9P RTK定位模块,外购,7800,7800,"2025-09-04","2025-09-21","2025-09-04","2025-09-21","2025-09-04","2025-09-21",已关闭,采购申请,"2025-09-08",MDS-202510-S003-A,MRP-RUN-202604-04,"2025-09-06 08:00:00",S&OP-平台,Closed,""
MRP00291,MRP-202509-0291,PART-RADAR-ALT,雷达测高仪,外购,7410,7410,"2025-09-05","2025-09-18","2025-09-05","2025-09-18","2025-09-05","2025-09-18",已关闭,采购申请,"2025-09-07",MDS-202510-S003-A,MRP-RUN-202604-08,"2025-09-06 08:00:00",S&OP-平台,Closed,""
MRP00292,MRP-202509-0292,PART-FRAME-HEX-CF,六轴碳纤维机架,外购,7800,7800,"2025-09-11","2025-09-24","2025-09-11","2025-09-24","2025-09-06","2025-09-24",已关闭,采购申请,"2025-09-11",MDS-202510-S003-A,MRP-RUN-202604-07,"2025-09-06 08:00:00",PMC-系统,Closed,""
MRP00293,MRP-202509-0293,ASSY-FC-RTK,RTK高精度飞控总成,委外,7410,7410,"2025-09-10","2025-09-25","2025-09-10","2025-09-25","2025-09-06","2025-09-25",已关闭,委外订单,"2025-09-10",MDS-202510-S003-A,MRP-RUN-202604-05,"2025-09-06 08:00:00",S&OP-平台,Closed,""
MRP00294,MRP-202509-0294,RAW-FR4-CCL,FR4覆铜板,外购,660,660,"2025-09-08","2025-09-22","2025-09-08","2025-09-22","2025-09-06","2025-09-22",已关闭,采购申请,"2025-09-08",MDS-202510-S003-A,MRP-RUN-202604-06,"2025-09-06 08:00:00",计划专员-王敏,Closed,""
MRP00295,MRP-202509-0295,RAW-LIPO-CELL,锂聚合物电芯,外购,17790,17790,"2025-09-01","2025-09-09","2025-09-01","2025-09-09","2025-09-01","2025-09-09",已关闭,采购申请,"2025-09-08",MDS-202510-S003-A,MRP-RUN-202604-03,"2025-09-06 08:00:00",计划专员-王敏,Closed,""
MRP00296,MRP-202509-0296,RAW-AL-ALLOY,铝合金材料,外购,11700,11700,"2025-09-01","2025-09-14","2025-09-01","2025-09-14","2025-09-01","2025-09-14",滚动计划,采购申请,"2025-09-10",MDS-202510-S003-A,MRP-RUN-202604-07,"2025-09-06 08:00:00",PMC-系统,Active,""
MRP00297,MRP-202509-0297,PART-CONN-GH-1.25-10P,GH1.25 10PIN连接器,外购,29640,29640,"2025-09-05","2025-09-21","2025-09-05","2025-09-21","2025-09-05","2025-09-21",已关闭,采购申请,"2025-09-11",MDS-202510-S003-A,MRP-RUN-202604-02,"2025-09-06 08:00:00",PMC-系统,Closed,""
MRP00298,MRP-202509-0298,PART-MOTOR-4114-400KV,"4114 400KV高扭矩电机",外购,44460,44460,"2025-09-02","2025-09-14","2025-09-02","2025-09-14","2025-09-02","2025-09-14",已关闭,采购申请,"2025-09-11",MDS-202510-S003-A,MRP-RUN-202604-03,"2025-09-06 08:00:00",S&OP-平台,Closed,""
MRP00299,MRP-202509-0299,PART-ESC-50A-FOC,"50A FOC电调",外购,50550,50550,"2025-09-12","2025-09-28","2025-09-12","2025-09-28","2025-09-12","2025-09-28",已下发,采购申请,"2025-09-13",MDS-202510-S003-B,MRP-RUN-202604-02,"2025-09-12 08:00:00",计划专员-王敏,Active,""
MRP00300,MRP-202509-0300,ASSY-FC-RTK,RTK高精度飞控总成,委外,7410,7410,"2025-09-09","2025-09-21","2025-09-09","2025-09-21","2025-09-09","2025-09-21",已下发,委外订单,"2025-09-16",MDS-202510-S003-B,MRP-RUN-202604-05,"2025-09-12 08:00:00",S&OP-平台,Active,""
MRP00301,MRP-202509-0301,PART-BAT-12S-16000,"12S16000mAh工业电池",外购,16860,16860,"2025-09-10","2025-09-24","2025-09-10","2025-09-24","2025-09-10","2025-09-24",已下发,采购申请,"2025-09-15",MDS-202510-S003-B,MRP-RUN-202604-03,"2025-09-12 08:00:00",S&OP-平台,Active,""
MRP00302,MRP-202509-0302,PART-4G-MODULE,"4G通信模块",外购,7800,7800,"2025-09-09","2025-09-27","2025-09-09","2025-09-27","2025-09-09","2025-09-27",已关闭,采购申请,"2025-09-17",MDS-202510-S003-B,MRP-RUN-202604-08,"2025-09-12 08:00:00",计划专员-王敏,Closed,""
MRP00303,MRP-202509-0303,RAW-FR4-CCL,FR4覆铜板,外购,660,660,"2025-09-17","2025-10-07","2025-09-17","2025-10-07","2025-09-12","2025-10-07",已关闭,采购申请,"2025-09-14",MDS-202510-S003-B,MRP-RUN-202604-06,"2025-09-12 08:00:00",计划专员-王敏,Closed,""
MRP00304,MRP-202509-0304,PART-RC-IND,工业遥控器,外购,7800,7800,"2025-09-17","2025-09-25","2025-09-17","2025-09-25","2025-09-12","2025-09-25",滚动计划,采购申请,"2025-09-13",MDS-202510-S003-B,MRP-RUN-202604-01,"2025-09-12 08:00:00",计划专员-王敏,Active,""
MRP00305,MRP-202509-0305,ASSY-PWR-TQ,高扭矩动力系统总成,自制,7410,7410,"2025-09-13","2025-10-01","2025-09-13","2025-10-01","2025-09-12","2025-10-01",已关闭,生产工单,"2025-09-14",MDS-202510-S003-B,MRP-RUN-202604-03,"2025-09-12 08:00:00",PMC-系统,Closed,""
MRP00306,MRP-202509-0306,PART-CONN-GH-1.25-10P,GH1.25 10PIN连接器,外购,29640,29640,"2025-09-13","2025-09-23","2025-09-13","2025-09-23","2025-09-12","2025-09-23",已关闭,采购申请,"2025-09-15",MDS-202510-S003-B,MRP-RUN-202604-02,"2025-09-12 08:00:00",PMC-系统,Closed,""
MRP00307,MRP-202509-0307,RAW-LIPO-CELL,锂聚合物电芯,外购,17790,17790,"2025-09-08","2025-09-21","2025-09-08","2025-09-21","2025-09-08","2025-09-21",已下发,采购申请,"2025-09-14",MDS-202510-S003-B,MRP-RUN-202604-03,"2025-09-12 08:00:00",计划专员-王敏,Active,""
MRP00308,MRP-202509-0308,COMP-FC-PCB-R1,RTK飞控主板,自制,7800,7800,"2025-09-17","2025-10-04","2025-09-17","2025-10-04","2025-09-12","2025-10-04",已关闭,生产工单,"2025-09-14",MDS-202510-S003-B,MRP-RUN-202604-05,"2025-09-12 08:00:00",计划专员-王敏,Closed,""
MRP00309,MRP-202509-0309,PART-IMU-ADIS16505,ADIS16505工业级IMU,外购,8430,8430,"2025-09-15","2025-09-27","2025-09-15","2025-09-27","2025-09-12","2025-09-27",正常,采购申请,"2025-09-16",MDS-202510-S003-B,MRP-RUN-202604-04,"2025-09-12 08:00:00",PMC-系统,Active,""
MRP00310,MRP-202509-0310,PART-FPGA-ICE40,ICE40 FPGA,外购,7410,7410,"2025-09-08","2025-09-18","2025-09-08","2025-09-18","2025-09-08","2025-09-18",正常,采购申请,"2025-09-13",MDS-202510-S003-B,MRP-RUN-202604-03,"2025-09-12 08:00:00",计划专员-王敏,Active,""
MRP00311,MRP-202509-0311,PART-MCU-STM32H753,STM32H753双核芯片,外购,15736,15736,"2025-09-14","2025-10-04","2025-09-14","2025-10-04","2025-09-12","2025-10-04",已关闭,采购申请,"2025-09-15",MDS-202510-S004-A,MRP-RUN-202604-08,"2025-09-12 08:00:00",PMC-系统,Closed,""
MRP00312,MRP-202509-0312,PART-FRAME-HEX-CF,六轴碳纤维机架,外购,14560,14560,"2025-09-16","2025-10-05","2025-09-16","2025-10-05","2025-09-12","2025-10-05",已下发,采购申请,"2025-09-14",MDS-202510-S004-A,MRP-RUN-202604-07,"2025-09-12 08:00:00",PMC-系统,Active,""
MRP00313,MRP-202509-0313,PART-BAT-12S-16000,"12S16000mAh工业电池",外购,31472,31472,"2025-09-13","2025-09-27","2025-09-13","2025-09-27","2025-09-12","2025-09-27",已关闭,采购申请,"2025-09-16",MDS-202510-S004-A,MRP-RUN-202604-03,"2025-09-12 08:00:00",S&OP-平台,Closed,""
MRP00314,MRP-202509-0314,PART-IMU-ADIS16505,ADIS16505工业级IMU,外购,15736,15736,"2025-09-07","2025-09-18","2025-09-07","2025-09-18","2025-09-07","2025-09-18",已关闭,采购申请,"2025-09-13",MDS-202510-S004-A,MRP-RUN-202604-04,"2025-09-12 08:00:00",PMC-系统,Closed,""
MRP00315,MRP-202509-0315,PART-MOTOR-4114-400KV,"4114 400KV高扭矩电机",外购,82992,82992,"2025-09-16","2025-09-27","2025-09-16","2025-09-27","2025-09-12","2025-09-27",已关闭,采购申请,"2025-09-16",MDS-202510-S004-A,MRP-RUN-202604-03,"2025-09-12 08:00:00",S&OP-平台,Closed,""
MRP00316,MRP-202509-0316,ASSY-PWR-TQ,高扭矩动力系统总成,自制,13832,13832,"2025-09-08","2025-09-17","2025-09-08","2025-09-17","2025-09-08","2025-09-17",已下发,生产工单,"2025-09-14",MDS-202510-S004-A,MRP-RUN-202604-03,"2025-09-12 08:00:00",PMC-系统,Active,""
MRP00317,MRP-202509-0317,PART-ESC-50A-FOC,"50A FOC电调",外购,94360,94360,"2025-09-15","2025-10-02","2025-09-15","2025-10-02","2025-09-12","2025-10-02",滚动计划,采购申请,"2025-09-15",MDS-202510-S004-A,MRP-RUN-202604-02,"2025-09-12 08:00:00",计划专员-王敏,Active,""
MRP00318,MRP-202509-0318,COMP-FC-PCB-R1,RTK飞控主板,自制,14560,14560,"2025-09-16","2025-10-02","2025-09-16","2025-10-02","2025-09-12","2025-10-02",已下发,生产工单,"2025-09-17",MDS-202510-S004-A,MRP-RUN-202604-05,"2025-09-12 08:00:00",计划专员-王敏,Active,""
MRP00319,MRP-202509-0319,RAW-AL-ALLOY,铝合金材料,外购,21840,21840,"2025-09-09","2025-09-19","2025-09-09","2025-09-19","2025-09-09","2025-09-19",已下发,采购申请,"2025-09-16",MDS-202510-S004-A,MRP-RUN-202604-07,"2025-09-12 08:00:00",PMC-系统,Active,""
MRP00320,MRP-202509-0320,PART-RADAR-ALT,雷达测高仪,外购,13832,13832,"2025-09-09","2025-09-18","2025-09-09","2025-09-18","2025-09-09","2025-09-18",已下发,采购申请,"2025-09-13",MDS-202510-S004-A,MRP-RUN-202604-08,"2025-09-12 08:00:00",S&OP-平台,Active,""
MRP00321,MRP-202509-0321,PART-CABLE-ESC-HD,加强型电调线,外购,82992,82992,"2025-09-08","2025-09-16","2025-09-08","2025-09-16","2025-09-08","2025-09-16",已关闭,采购申请,"2025-09-15",MDS-202510-S004-A,MRP-RUN-202604-05,"2025-09-12 08:00:00",S&OP-平台,Closed,""
MRP00322,MRP-202509-0322,RAW-FR4-CCL,FR4覆铜板,外购,1232,1232,"2025-09-13","2025-09-25","2025-09-13","2025-09-25","2025-09-12","2025-09-25",已关闭,采购申请,"2025-09-17",MDS-202510-S004-A,MRP-RUN-202604-06,"2025-09-12 08:00:00",计划专员-王敏,Closed,""
MRP00323,MRP-202509-0323,PART-ESC-50A-FOC,"50A FOC电调",外购,94360,94360,"2025-09-13","2025-09-30","2025-09-13","2025-09-30","2025-09-10","2025-09-30",滚动计划,采购申请,"2025-09-11",MDS-202510-S004-B,MRP-RUN-202604-02,"2025-09-10 08:00:00",计划专员-王敏,Active,""
MRP00324,MRP-202509-0324,PART-FRAME-HEX-CF,六轴碳纤维机架,外购,14560,14560,"2025-09-09","2025-09-21","2025-09-09","2025-09-21","2025-09-09","2025-09-21",已关闭,采购申请,"2025-09-14",MDS-202510-S004-B,MRP-RUN-202604-07,"2025-09-10 08:00:00",PMC-系统,Closed,""
MRP00325,MRP-202509-0325,PART-MOTOR-4114-400KV,"4114 400KV高扭矩电机",外购,82992,82992,"2025-09-11","2025-09-22","2025-09-11","2025-09-22","2025-09-10","2025-09-22",滚动计划,采购申请,"2025-09-14",MDS-202510-S004-B,MRP-RUN-202604-03,"2025-09-10 08:00:00",S&OP-平台,Active,""
MRP00326,MRP-202509-0326,RAW-FR4-CCL,FR4覆铜板,外购,1232,1232,"2025-09-10","2025-09-19","2025-09-10","2025-09-19","2025-09-10","2025-09-19",已关闭,采购申请,"2025-09-13",MDS-202510-S004-B,MRP-RUN-202604-06,"2025-09-10 08:00:00",计划专员-王敏,Closed,""
MRP00327,MRP-202509-0327,RAW-AL-ALLOY,铝合金材料,外购,21840,21840,"2025-09-11","2025-09-24","2025-09-11","2025-09-24","2025-09-10","2025-09-24",正常,采购申请,"2025-09-13",MDS-202510-S004-B,MRP-RUN-202604-07,"2025-09-10 08:00:00",PMC-系统,Active,""
MRP00328,MRP-202509-0328,COMP-FC-CASE-AL-IND,工业级铝合金外壳,委外,15736,15736,"2025-09-09","2025-09-17","2025-09-09","2025-09-17","2025-09-09","2025-09-17",已下发,委外订单,"2025-09-13",MDS-202510-S004-B,MRP-RUN-202604-09,"2025-09-10 08:00:00",PMC-系统,Active,""
MRP00329,MRP-202509-0329,COMP-FC-PCB-R1,RTK飞控主板,自制,14560,14560,"2025-09-10","2025-09-19","2025-09-10","2025-09-19","2025-09-10","2025-09-19",已关闭,生产工单,"2025-09-11",MDS-202510-S004-B,MRP-RUN-202604-05,"2025-09-10 08:00:00",计划专员-王敏,Closed,""
MRP00330,MRP-202509-0330,PART-4G-MODULE,"4G通信模块",外购,14560,14560,"2025-09-12","2025-09-28","2025-09-12","2025-09-28","2025-09-10","2025-09-28",已关闭,采购申请,"2025-09-11",MDS-202510-S004-B,MRP-RUN-202604-08,"2025-09-10 08:00:00",计划专员-王敏,Closed,""
MRP00331,MRP-202509-0331,ASSY-FC-RTK,RTK高精度飞控总成,委外,13832,13832,"2025-09-10","2025-09-24","2025-09-10","2025-09-24","2025-09-10","2025-09-24",滚动计划,委外订单,"2025-09-11",MDS-202510-S004-B,MRP-RUN-202604-05,"2025-09-10 08:00:00",S&OP-平台,Active,""
MRP00332,MRP-202509-0332,ASSY-PWR-TQ,高扭矩动力系统总成,自制,13832,13832,"2025-09-14","2025-10-04","2025-09-14","2025-10-04","2025-09-10","2025-10-04",滚动计划,生产工单,"2025-09-14",MDS-202510-S004-B,MRP-RUN-202604-03,"2025-09-10 08:00:00",PMC-系统,Active,""
MRP00333,MRP-202509-0333,PART-RADAR-ALT,雷达测高仪,外购,13832,13832,"2025-09-09","2025-09-20","2025-09-09","2025-09-20","2025-09-09","2025-09-20",正常,采购申请,"2025-09-15",MDS-202510-S004-B,MRP-RUN-202604-08,"2025-09-10 08:00:00",S&OP-平台,Active,""
MRP00334,MRP-202509-0334,PART-IMU-ADIS16505,ADIS16505工业级IMU,外购,15736,15736,"2025-09-07","2025-09-24","2025-09-07","2025-09-24","2025-09-07","2025-09-24",已关闭,采购申请,"2025-09-11",MDS-202510-S004-B,MRP-RUN-202604-04,"2025-09-10 08:00:00",PMC-系统,Closed,""
MRP00335,MRP-202509-0335,RAW-SI-WAFER-12IN,"12英寸硅晶圆",外购,10,10,"2025-09-11","2025-09-26","2025-09-11","2025-09-26","2025-09-10","2025-09-26",已关闭,采购申请,"2025-09-14",MDS-202510-S004-B,MRP-RUN-202604-01,"2025-09-10 08:00:00",S&OP-平台,Closed,""
MRP00336,MRP-202509-0336,PART-4G-MODULE,"4G通信模块",外购,8840,8840,"2025-09-02","2025-09-10","2025-09-02","2025-09-10","2025-09-02","2025-09-10",已关闭,采购申请,"2025-09-07",MDS-202510-S005-A,MRP-RUN-202604-08,"2025-09-03 08:00:00",计划专员-王敏,Closed,""
MRP00337,MRP-202509-0337,PART-PCB-FC-8L,"8层飞控PCB板",外购,8840,8840,"2025-09-03","2025-09-18","2025-09-03","2025-09-18","2025-09-03","2025-09-18",正常,采购申请,"2025-09-08",MDS-202510-S005-A,MRP-RUN-202604-01,"2025-09-03 08:00:00",S&OP-平台,Active,""
MRP00338,MRP-202509-0338,RAW-AL-ALLOY,铝合金材料,外购,13260,13260,"2025-09-03","2025-09-22","2025-09-03","2025-09-22","2025-09-03","2025-09-22",已关闭,采购申请,"2025-09-08",MDS-202510-S005-A,MRP-RUN-202604-07,"2025-09-03 08:00:00",PMC-系统,Closed,""
MRP00339,MRP-202509-0339,PART-IMU-ADIS16505,ADIS16505工业级IMU,外购,9554,9554,"2025-09-07","2025-09-15","2025-09-07","2025-09-15","2025-09-03","2025-09-15",已关闭,采购申请,"2025-09-08",MDS-202510-S005-A,MRP-RUN-202604-04,"2025-09-03 08:00:00",PMC-系统,Closed,""
MRP00340,MRP-202509-0340,PART-CAM-FPV,FPV图传相机,外购,8840,8840,"2025-09-04","2025-09-18","2025-09-04","2025-09-18","2025-09-03","2025-09-18",已关闭,采购申请,"2025-09-04",MDS-202510-S005-A,MRP-RUN-202604-02,"2025-09-03 08:00:00",计划专员-王敏,Closed,""
MRP00341,MRP-202509-0341,ASSY-FC-RTK,RTK高精度飞控总成,委外,8398,8398,"2025-09-07","2025-09-15","2025-09-07","2025-09-15","2025-09-03","2025-09-15",已关闭,委外订单,"2025-09-04",MDS-202510-S005-A,MRP-RUN-202604-05,"2025-09-03 08:00:00",S&OP-平台,Closed,""
MRP00342,MRP-202509-0342,PART-FRAME-HEX-CF,六轴碳纤维机架,外购,8840,8840,"2025-09-05","2025-09-17","2025-09-05","2025-09-17","2025-09-03","2025-09-17",已关闭,采购申请,"2025-09-06",MDS-202510-S005-A,MRP-RUN-202604-07,"2025-09-03 08:00:00",PMC-系统,Closed,""
MRP00343,MRP-202509-0343,RAW-LIPO-CELL,锂聚合物电芯,外购,20162,20162,"2025-09-03","2025-09-15","2025-09-03","2025-09-15","2025-09-03","2025-09-15",已关闭,采购申请,"2025-09-07",MDS-202510-S005-A,MRP-RUN-202604-03,"2025-09-03 08:00:00",计划专员-王敏,Closed,""
MRP00344,MRP-202509-0344,PART-RADAR-ALT,雷达测高仪,外购,8398,8398,"2025-09-06","2025-09-26","2025-09-06","2025-09-26","2025-09-03","2025-09-26",已关闭,采购申请,"2025-09-06",MDS-202510-S005-A,MRP-RUN-202604-08,"2025-09-03 08:00:00",S&OP-平台,Closed,""
MRP00345,MRP-202509-0345,COMP-FC-CASE-AL-IND,工业级铝合金外壳,委外,9554,9554,"2025-08-31","2025-09-20","2025-08-31","2025-09-20","2025-08-31","2025-09-20",已下发,委外订单,"2025-09-06",MDS-202510-S005-A,MRP-RUN-202604-09,"2025-09-03 08:00:00",PMC-系统,Active,""
MRP00346,MRP-202509-0346,PART-CABLE-ESC-HD,加强型电调线,外购,50388,50388,"2025-09-03","2025-09-20","2025-09-03","2025-09-20","2025-09-03","2025-09-20",已关闭,采购申请,"2025-09-05",MDS-202510-S005-A,MRP-RUN-202604-05,"2025-09-03 08:00:00",S&OP-平台,Closed,""
MRP00347,MRP-202509-0347,PART-MOTOR-4114-400KV,"4114 400KV高扭矩电机",外购,50388,50388,"2025-09-11","2025-09-30","2025-09-11","2025-09-30","2025-09-07","2025-09-30",已关闭,采购申请,"2025-09-09",MDS-202510-S005-B,MRP-RUN-202604-03,"2025-09-07 08:00:00",S&OP-平台,Closed,""
MRP00348,MRP-202509-0348,COMP-FC-CASE-AL-IND,工业级铝合金外壳,委外,9554,9554,"2025-09-05","2025-09-22","2025-09-05","2025-09-22","2025-09-05","2025-09-22",已下发,委外订单,"2025-09-09",MDS-202510-S005-B,MRP-RUN-202604-09,"2025-09-07 08:00:00",PMC-系统,Active,""
MRP00349,MRP-202509-0349,RAW-SI-WAFER-12IN,"12英寸硅晶圆",外购,10,10,"2025-09-04","2025-09-18","2025-09-04","2025-09-18","2025-09-04","2025-09-18",已关闭,采购申请,"2025-09-09",MDS-202510-S005-B,MRP-RUN-202604-01,"2025-09-07 08:00:00",S&OP-平台,Closed,""
MRP00350,MRP-202509-0350,PART-RC-IND,工业遥控器,外购,8840,8840,"2025-09-10","2025-09-18","2025-09-10","2025-09-18","2025-09-07","2025-09-18",正常,采购申请,"2025-09-10",MDS-202510-S005-B,MRP-RUN-202604-01,"2025-09-07 08:00:00",计划专员-王敏,Active,""
MRP00351,MRP-202509-0351,ASSY-FC-RTK,RTK高精度飞控总成,委外,8398,8398,"2025-09-05","2025-09-23","2025-09-05","2025-09-23","2025-09-05","2025-09-23",滚动计划,委外订单,"2025-09-09",MDS-202510-S005-B,MRP-RUN-202604-05,"2025-09-07 08:00:00",S&OP-平台,Active,""
MRP00352,MRP-202509-0352,PART-MCU-STM32H753,STM32H753双核芯片,外购,9554,9554,"2025-09-08","2025-09-16","2025-09-08","2025-09-16","2025-09-07","2025-09-16",正常,采购申请,"2025-09-08",MDS-202510-S005-B,MRP-RUN-202604-08,"2025-09-07 08:00:00",PMC-系统,Active,""
MRP00353,MRP-202509-0353,RAW-LIPO-CELL,锂聚合物电芯,外购,20162,20162,"2025-09-12","2025-09-29","2025-09-12","2025-09-29","2025-09-07","2025-09-29",滚动计划,采购申请,"2025-09-11",MDS-202510-S005-B,MRP-RUN-202604-03,"2025-09-07 08:00:00",计划专员-王敏,Active,""
MRP00354,MRP-202509-0354,ASSY-PWR-TQ,高扭矩动力系统总成,自制,8398,8398,"2025-09-09","2025-09-25","2025-09-09","2025-09-25","2025-09-07","2025-09-25",已关闭,生产工单,"2025-09-11",MDS-202510-S005-B,MRP-RUN-202604-03,"2025-09-07 08:00:00",PMC-系统,Closed,""
MRP00355,MRP-202509-0355,PART-CABLE-ESC-HD,加强型电调线,外购,50388,50388,"2025-09-03","2025-09-11","2025-09-03","2025-09-11","2025-09-03","2025-09-11",已下发,采购申请,"2025-09-10",MDS-202510-S005-B,MRP-RUN-202604-05,"2025-09-07 08:00:00",S&OP-平台,Active,""
MRP00356,MRP-202510-0356,COMP-FC-PCB-R1,RTK飞控主板,自制,14300,14300,"2025-10-13","2025-10-21","2025-10-13","2025-10-21","2025-10-12","2025-10-21",已下发,生产工单,"2025-10-17",MDS-202511-106,MRP-RUN-202604-05,"2025-10-12 08:00:00",计划专员-王敏,Active,""
MRP00357,MRP-202510-0357,PART-FRAME-HEX-CF,六轴碳纤维机架,外购,14300,14300,"2025-10-10","2025-10-20","2025-10-10","2025-10-20","2025-10-10","2025-10-20",已关闭,采购申请,"2025-10-13",MDS-202511-106,MRP-RUN-202604-07,"2025-10-12 08:00:00",PMC-系统,Closed,""
MRP00358,MRP-202510-0358,ASSY-FC-RTK,RTK高精度飞控总成,委外,13585,13585,"2025-10-14","2025-10-27","2025-10-14","2025-10-27","2025-10-12","2025-10-27",已下发,委外订单,"2025-10-13",MDS-202511-106,MRP-RUN-202604-05,"2025-10-12 08:00:00",S&OP-平台,Active,""
MRP00359,MRP-202510-0359,ASSY-PWR-TQ,高扭矩动力系统总成,自制,13585,13585,"2025-10-11","2025-10-23","2025-10-11","2025-10-23","2025-10-11","2025-10-23",已关闭,生产工单,"2025-10-16",MDS-202511-106,MRP-RUN-202604-03,"2025-10-12 08:00:00",PMC-系统,Closed,""
MRP00360,MRP-202510-0360,PART-MCU-STM32H753,STM32H753双核芯片,外购,15455,15455,"2025-10-12","2025-10-24","2025-10-12","2025-10-24","2025-10-12","2025-10-24",正常,采购申请,"2025-10-13",MDS-202511-106,MRP-RUN-202604-08,"2025-10-12 08:00:00",PMC-系统,Active,""
MRP00361,MRP-202510-0361,PART-RC-IND,工业遥控器,外购,14300,14300,"2025-10-17","2025-11-05","2025-10-17","2025-11-05","2025-10-12","2025-11-05",正常,采购申请,"2025-10-16",MDS-202511-106,MRP-RUN-202604-01,"2025-10-12 08:00:00",计划专员-王敏,Active,""
MRP00362,MRP-202510-0362,PART-PROP-1755-CF,"1755碳纤维螺旋桨",外购,81510,81510,"2025-10-14","2025-11-01","2025-10-14","2025-11-01","2025-10-12","2025-11-01",已关闭,采购申请,"2025-10-14",MDS-202511-106,MRP-RUN-202604-05,"2025-10-12 08:00:00",PMC-系统,Closed,""
MRP00363,MRP-202510-0363,RAW-COPPER-WIRE,铜漆包线,外购,13915,13915,"2025-10-07","2025-10-19","2025-10-07","2025-10-19","2025-10-07","2025-10-19",已关闭,采购申请,"2025-10-13",MDS-202511-106,MRP-RUN-202604-01,"2025-10-12 08:00:00",计划专员-王敏,Closed,""
MRP00364,MRP-202510-0364,PART-4G-MODULE,"4G通信模块",外购,14300,14300,"2025-10-07","2025-10-20","2025-10-07","2025-10-20","2025-10-07","2025-10-20",已关闭,采购申请,"2025-10-16",MDS-202511-106,MRP-RUN-202604-08,"2025-10-12 08:00:00",计划专员-王敏,Closed,""
MRP00365,MRP-202510-0365,PART-IMU-ADIS16505,ADIS16505工业级IMU,外购,15455,15455,"2025-10-08","2025-10-24","2025-10-08","2025-10-24","2025-10-08","2025-10-24",已关闭,采购申请,"2025-10-14",MDS-202511-106,MRP-RUN-202604-04,"2025-10-12 08:00:00",PMC-系统,Closed,""
MRP00366,MRP-202510-0366,PART-CAM-FPV,FPV图传相机,外购,14300,14300,"2025-10-16","2025-10-27","2025-10-16","2025-10-27","2025-10-12","2025-10-27",已下发,采购申请,"2025-10-16",MDS-202511-106,MRP-RUN-202604-02,"2025-10-12 08:00:00",计划专员-王敏,Active,""
MRP00367,MRP-202510-0367,PART-GNSS-RTK-F9P,ZED-F9P RTK定位模块,外购,6240,6240,"2025-10-09","2025-10-27","2025-10-09","2025-10-27","2025-10-06","2025-10-27",已关闭,采购申请,"2025-10-11",MDS-202511-110,MRP-RUN-202604-04,"2025-10-06 08:00:00",S&OP-平台,Closed,""
MRP00368,MRP-202510-0368,ASSY-PWR-TQ,高扭矩动力系统总成,自制,5928,5928,"2025-10-02","2025-10-12","2025-10-02","2025-10-12","2025-10-02","2025-10-12",滚动计划,生产工单,"2025-10-09",MDS-202511-110,MRP-RUN-202604-03,"2025-10-06 08:00:00",PMC-系统,Active,""
MRP00369,MRP-202510-0369,PART-CABLE-ESC-HD,加强型电调线,外购,35568,35568,"2025-10-04","2025-10-14","2025-10-04","2025-10-14","2025-10-04","2025-10-14",已下发,采购申请,"2025-10-11",MDS-202511-110,MRP-RUN-202604-05,"2025-10-06 08:00:00",S&OP-平台,Active,""
MRP00370,MRP-202510-0370,ASSY-FC-RTK,RTK高精度飞控总成,委外,5928,5928,"2025-10-05","2025-10-13","2025-10-05","2025-10-13","2025-10-05","2025-10-13",已关闭,委外订单,"2025-10-07",MDS-202511-110,MRP-RUN-202604-05,"2025-10-06 08:00:00",S&OP-平台,Closed,""
MRP00371,MRP-202510-0371,RAW-LIPO-CELL,锂聚合物电芯,外购,14232,14232,"2025-10-07","2025-10-20","2025-10-07","2025-10-20","2025-10-06","2025-10-20",已下发,采购申请,"2025-10-08",MDS-202511-110,MRP-RUN-202604-03,"2025-10-06 08:00:00",计划专员-王敏,Active,""
MRP00372,MRP-202510-0372,PART-BAT-12S-16000,"12S16000mAh工业电池",外购,13488,13488,"2025-10-02","2025-10-20","2025-10-02","2025-10-20","2025-10-02","2025-10-20",滚动计划,采购申请,"2025-10-11",MDS-202511-110,MRP-RUN-202604-03,"2025-10-06 08:00:00",S&OP-平台,Active,""
MRP00373,MRP-202510-0373,PART-RC-IND,工业遥控器,外购,6240,6240,"2025-10-10","2025-10-26","2025-10-10","2025-10-26","2025-10-06","2025-10-26",已关闭,采购申请,"2025-10-07",MDS-202511-110,MRP-RUN-202604-01,"2025-10-06 08:00:00",计划专员-王敏,Closed,""
MRP00374,MRP-202510-0374,PART-FPGA-ICE40,ICE40 FPGA,外购,5928,5928,"2025-10-06","2025-10-20","2025-10-06","2025-10-20","2025-10-06","2025-10-20",滚动计划,采购申请,"2025-10-08",MDS-202511-110,MRP-RUN-202604-03,"2025-10-06 08:00:00",计划专员-王敏,Active,""
MRP00375,MRP-202510-0375,PART-CONN-GH-1.25-10P,GH1.25 10PIN连接器,外购,23712,23712,"2025-10-06","2025-10-15","2025-10-06","2025-10-15","2025-10-06","2025-10-15",已下发,采购申请,"2025-10-09",MDS-202511-110,MRP-RUN-202604-02,"2025-10-06 08:00:00",PMC-系统,Active,""
MRP00376,MRP-202510-0376,RAW-NEODYMIUM,钕铁硼磁性材料,外购,1680,1680,"2025-10-11","2025-10-19","2025-10-11","2025-10-19","2025-10-06","2025-10-19",已关闭,采购申请,"2025-10-11",MDS-202511-110,MRP-RUN-202604-05,"2025-10-06 08:00:00",S&OP-平台,Closed,""
MRP00377,MRP-202510-0377,PART-PROP-1755-CF,"1755碳纤维螺旋桨",外购,35568,35568,"2025-10-01","2025-10-09","2025-10-01","2025-10-09","2025-10-01","2025-10-09",已关闭,采购申请,"2025-10-11",MDS-202511-110,MRP-RUN-202604-05,"2025-10-06 08:00:00",PMC-系统,Closed,""
MRP00378,MRP-202510-0378,ASSY-FC-RTK,RTK高精度飞控总成,委外,11115,11115,"2025-10-05","2025-10-17","2025-10-05","2025-10-17","2025-10-05","2025-10-17",正常,委外订单,"2025-10-13",MDS-202511-S006-A,MRP-RUN-202604-05,"2025-10-09 08:00:00",S&OP-平台,Active,""
MRP00379,MRP-202510-0379,PART-PROP-1755-CF,"1755碳纤维螺旋桨",外购,66690,66690,"2025-10-05","2025-10-17","2025-10-05","2025-10-17","2025-10-05","2025-10-17",已关闭,采购申请,"2025-10-14",MDS-202511-S006-A,MRP-RUN-202604-05,"2025-10-09 08:00:00",PMC-系统,Closed,""
MRP00380,MRP-202510-0380,PART-RC-IND,工业遥控器,外购,11700,11700,"2025-10-06","2025-10-24","2025-10-06","2025-10-24","2025-10-06","2025-10-24",已关闭,采购申请,"2025-10-13",MDS-202511-S006-A,MRP-RUN-202604-01,"2025-10-09 08:00:00",计划专员-王敏,Closed,""
MRP00381,MRP-202510-0381,COMP-FC-CASE-AL-IND,工业级铝合金外壳,委外,12645,12645,"2025-10-10","2025-10-26","2025-10-10","2025-10-26","2025-10-09","2025-10-26",正常,委外订单,"2025-10-10",MDS-202511-S006-A,MRP-RUN-202604-09,"2025-10-09 08:00:00",PMC-系统,Active,""
MRP00382,MRP-202510-0382,PART-FPGA-ICE40,ICE40 FPGA,外购,11115,11115,"2025-10-07","2025-10-22","2025-10-07","2025-10-22","2025-10-07","2025-10-22",已关闭,采购申请,"2025-10-13",MDS-202511-S006-A,MRP-RUN-202604-03,"2025-10-09 08:00:00",计划专员-王敏,Closed,""
MRP00383,MRP-202510-0383,PART-IMU-ADIS16505,ADIS16505工业级IMU,外购,12645,12645,"2025-10-06","2025-10-21","2025-10-06","2025-10-21","2025-10-06","2025-10-21",已下发,采购申请,"2025-10-14",MDS-202511-S006-A,MRP-RUN-202604-04,"2025-10-09 08:00:00",PMC-系统,Active,""
MRP00384,MRP-202510-0384,RAW-NEODYMIUM,钕铁硼磁性材料,外购,3150,3150,"2025-10-08","2025-10-21","2025-10-08","2025-10-21","2025-10-08","2025-10-21",已关闭,采购申请,"2025-10-14",MDS-202511-S006-A,MRP-RUN-202604-05,"2025-10-09 08:00:00",S&OP-平台,Closed,""
MRP00385,MRP-202510-0385,RAW-AL-ALLOY,铝合金材料,外购,17550,17550,"2025-10-11","2025-10-25","2025-10-11","2025-10-25","2025-10-09","2025-10-25",已关闭,采购申请,"2025-10-14",MDS-202511-S006-A,MRP-RUN-202604-07,"2025-10-09 08:00:00",PMC-系统,Closed,""
